scenario,seed,window_start,window_end,attack_label,legal_mbps,aggregate_mbps,attacker_mbps,burst_rate,burst_loss_rate,rate_cv,active_sources
S0,101,0.0,0.25,0,69.2808,69.2808,0.0,0.0,0.0,0.0,0
S0,101,0.25,0.5,0,69.274144,69.274144,0.0,0.0,0.0,0.0,0
S0,101,0.5,0.75,0,69.279328,69.279328,0.0,0.0,0.0,0.0,0
S0,101,0.75,1.0,0,69.27632,69.27632,0.0,0.0,0.0,0.0,0
S0,101,1.0,1.25,0,69.372704,69.372704,0.0,0.0,0.0,0.0,0
S0,101,1.25,1.5,0,69.244384,69.244384,0.0,0.0,0.0,0.0,0
S0,101,1.5,1.75,0,69.284704,69.284704,0.0,0.0,0.0,0.0,0
S0,101,1.75,2.0,0,69.33184,69.33184,0.0,0.0,0.0,0.0,0
S0,101,2.0,2.25,0,69.362016,69.362016,0.0,0.0,0.0,0.0,0
S0,101,2.25,2.5,0,69.348992,69.348992,0.0,0.0,0.0,0.0,0
S0,101,2.5,2.75,0,69.25696,69.25696,0.0,0.0,0.0,0.0,0
S0,101,2.75,3.0,0,69.282464,69.282464,0.0,0.0,0.0,0.0,0
S0,101,3.0,3.25,0,69.321984,69.321984,0.0,0.0,0.0,0.0,0
S0,101,3.25,3.5,0,69.343424,69.343424,0.0,0.0,0.0,0.0,0
S0,101,3.5,3.75,0,69.293792,69.293792,0.0,0.0,0.0,0.0,0
S0,101,3.75,4.0,0,69.307392,69.307392,0.0,0.0,0.0,0.0,0
S0,101,4.0,4.25,0,69.318112,69.318112,0.0,0.0,0.0,0.0,0
S0,101,4.25,4.5,0,69.286624,69.286624,0.0,0.0,0.0,0.0,0
S0,101,4.5,4.75,0,69.244704,69.244704,0.0,0.0,0.0,0.0,0
S0,101,4.75,5.0,0,69.320224,69.320224,0.0,0.0,0.0,0.0,0
S0,202,0.0,0.25,0,69.318976,69.318976,0.0,0.0,0.0,0.0,0
S0,202,0.25,0.5,0,69.220384,69.220384,0.0,0.0,0.0,0.0,0
S0,202,0.5,0.75,0,69.303584,69.303584,0.0,0.0,0.0,0.0,0
S0,202,0.75,1.0,0,69.356064,69.356064,0.0,0.0,0.0,0.0,0
S0,202,1.0,1.25,0,69.368352,69.368352,0.0,0.0,0.0,0.0,0
S0,202,1.25,1.5,0,69.325728,69.325728,0.0,0.0,0.0,0.0,0
S0,202,1.5,1.75,0,69.307712,69.307712,0.0,0.0,0.0,0.0,0
S0,202,1.75,2.0,0,69.287168,69.287168,0.0,0.0,0.0,0.0,0
S0,202,2.0,2.25,0,69.280768,69.280768,0.0,0.0,0.0,0.0,0
S0,202,2.25,2.5,0,69.261472,69.261472,0.0,0.0,0.0,0.0,0
S0,202,2.5,2.75,0,69.325504,69.325504,0.0,0.0,0.0,0.0,0
S0,202,2.75,3.0,0,69.331776,69.331776,0.0,0.0,0.0,0.0,0
S0,202,3.0,3.25,0,69.296928,69.296928,0.0,0.0,0.0,0.0,0
S0,202,3.25,3.5,0,69.384736,69.384736,0.0,0.0,0.0,0.0,0
S0,202,3.5,3.75,0,69.357376,69.357376,0.0,0.0,0.0,0.0,0
S0,202,3.75,4.0,0,69.295072,69.295072,0.0,0.0,0.0,0.0,0
S0,202,4.0,4.25,0,69.335296,69.335296,0.0,0.0,0.0,0.0,0
S0,202,4.25,4.5,0,69.356768,69.356768,0.0,0.0,0.0,0.0,0
S0,202,4.5,4.75,0,69.303552,69.303552,0.0,0.0,0.0,0.0,0
S0,202,4.75,5.0,0,69.236544,69.236544,0.0,0.0,0.0,0.0,0
S0,303,0.0,0.25,0,69.300736,69.300736,0.0,0.0,0.0,0.0,0
S0,303,0.25,0.5,0,69.300768,69.300768,0.0,0.0,0.0,0.0,0
S0,303,0.5,0.75,0,69.310144,69.310144,0.0,0.0,0.0,0.0,0
S0,303,0.75,1.0,0,69.272096,69.272096,0.0,0.0,0.0,0.0,0
S0,303,1.0,1.25,0,69.268576,69.268576,0.0,0.0,0.0,0.0,0
S0,303,1.25,1.5,0,69.253984,69.253984,0.0,0.0,0.0,0.0,0
S0,303,1.5,1.75,0,69.263392,69.263392,0.0,0.0,0.0,0.0,0
S0,303,1.75,2.0,0,69.310432,69.310432,0.0,0.0,0.0,0.0,0
S0,303,2.0,2.25,0,69.3248,69.3248,0.0,0.0,0.0,0.0,0
S0,303,2.25,2.5,0,69.260672,69.260672,0.0,0.0,0.0,0.0,0
S0,303,2.5,2.75,0,69.34896,69.34896,0.0,0.0,0.0,0.0,0
S0,303,2.75,3.0,0,69.291904,69.291904,0.0,0.0,0.0,0.0,0
S0,303,3.0,3.25,0,69.323488,69.323488,0.0,0.0,0.0,0.0,0
S0,303,3.25,3.5,0,69.250016,69.250016,0.0,0.0,0.0,0.0,0
S0,303,3.5,3.75,0,69.28496,69.28496,0.0,0.0,0.0,0.0,0
S0,303,3.75,4.0,0,69.336064,69.336064,0.0,0.0,0.0,0.0,0
S0,303,4.0,4.25,0,69.26512,69.26512,0.0,0.0,0.0,0.0,0
S0,303,4.25,4.5,0,69.321664,69.321664,0.0,0.0,0.0,0.0,0
S0,303,4.5,4.75,0,69.313952,69.313952,0.0,0.0,0.0,0.0,0
S0,303,4.75,5.0,0,69.335968,69.335968,0.0,0.0,0.0,0.0,0
S0,404,0.0,0.25,0,69.283392,69.283392,0.0,0.0,0.0,0.0,0
S0,404,0.25,0.5,0,69.250144,69.250144,0.0,0.0,0.0,0.0,0
S0,404,0.5,0.75,0,69.328352,69.328352,0.0,0.0,0.0,0.0,0
S0,404,0.75,1.0,0,69.323488,69.323488,0.0,0.0,0.0,0.0,0
S0,404,1.0,1.25,0,69.335296,69.335296,0.0,0.0,0.0,0.0,0
S0,404,1.25,1.5,0,69.265792,69.265792,0.0,0.0,0.0,0.0,0
S0,404,1.5,1.75,0,69.250272,69.250272,0.0,0.0,0.0,0.0,0
S0,404,1.75,2.0,0,69.336064,69.336064,0.0,0.0,0.0,0.0,0
S0,404,2.0,2.25,0,69.346464,69.346464,0.0,0.0,0.0,0.0,0
S0,404,2.25,2.5,0,69.263104,69.263104,0.0,0.0,0.0,0.0,0
S0,404,2.5,2.75,0,69.354688,69.354688,0.0,0.0,0.0,0.0,0
S0,404,2.75,3.0,0,69.274784,69.274784,0.0,0.0,0.0,0.0,0
S0,404,3.0,3.25,0,69.283776,69.283776,0.0,0.0,0.0,0.0,0
S0,404,3.25,3.5,0,69.265952,69.265952,0.0,0.0,0.0,0.0,0
S0,404,3.5,3.75,0,69.293344,69.293344,0.0,0.0,0.0,0.0,0
S0,404,3.75,4.0,0,69.304064,69.304064,0.0,0.0,0.0,0.0,0
S0,404,4.0,4.25,0,69.302368,69.302368,0.0,0.0,0.0,0.0,0
S0,404,4.25,4.5,0,69.335072,69.335072,0.0,0.0,0.0,0.0,0
S0,404,4.5,4.75,0,69.33328,69.33328,0.0,0.0,0.0,0.0,0
S0,404,4.75,5.0,0,69.287328,69.287328,0.0,0.0,0.0,0.0,0
S0,505,0.0,0.25,0,69.312608,69.312608,0.0,0.0,0.0,0.0,0
S0,505,0.25,0.5,0,69.251648,69.251648,0.0,0.0,0.0,0.0,0
S0,505,0.5,0.75,0,69.282976,69.282976,0.0,0.0,0.0,0.0,0
S0,505,0.75,1.0,0,69.30944,69.30944,0.0,0.0,0.0,0.0,0
S0,505,1.0,1.25,0,69.317984,69.317984,0.0,0.0,0.0,0.0,0
S0,505,1.25,1.5,0,69.277888,69.277888,0.0,0.0,0.0,0.0,0
S0,505,1.5,1.75,0,69.176608,69.176608,0.0,0.0,0.0,0.0,0
S0,505,1.75,2.0,0,69.349888,69.349888,0.0,0.0,0.0,0.0,0
S0,505,2.0,2.25,0,69.314912,69.314912,0.0,0.0,0.0,0.0,0
S0,505,2.25,2.5,0,69.24784,69.24784,0.0,0.0,0.0,0.0,0
S0,505,2.5,2.75,0,69.31456,69.31456,0.0,0.0,0.0,0.0,0
S0,505,2.75,3.0,0,69.28032,69.28032,0.0,0.0,0.0,0.0,0
S0,505,3.0,3.25,0,69.321504,69.321504,0.0,0.0,0.0,0.0,0
S0,505,3.25,3.5,0,69.249888,69.249888,0.0,0.0,0.0,0.0,0
S0,505,3.5,3.75,0,69.298976,69.298976,0.0,0.0,0.0,0.0,0
S0,505,3.75,4.0,0,69.29792,69.29792,0.0,0.0,0.0,0.0,0
S0,505,4.0,4.25,0,69.363424,69.363424,0.0,0.0,0.0,0.0,0
S0,505,4.25,4.5,0,69.269824,69.269824,0.0,0.0,0.0,0.0,0
S0,505,4.5,4.75,0,69.321792,69.321792,0.0,0.0,0.0,0.0,0
S0,505,4.75,5.0,0,69.270464,69.270464,0.0,0.0,0.0,0.0,0
S0,606,0.0,0.25,0,69.283808,69.283808,0.0,0.0,0.0,0.0,0
S0,606,0.25,0.5,0,69.271008,69.271008,0.0,0.0,0.0,0.0,0
S0,606,0.5,0.75,0,69.225536,69.225536,0.0,0.0,0.0,0.0,0
S0,606,0.75,1.0,0,69.304832,69.304832,0.0,0.0,0.0,0.0,0
S0,606,1.0,1.25,0,69.36352,69.36352,0.0,0.0,0.0,0.0,0
S0,606,1.25,1.5,0,69.354688,69.354688,0.0,0.0,0.0,0.0,0
S0,606,1.5,1.75,0,69.28864,69.28864,0.0,0.0,0.0,0.0,0
S0,606,1.75,2.0,0,69.37568,69.37568,0.0,0.0,0.0,0.0,0
S0,606,2.0,2.25,0,69.298304,69.298304,0.0,0.0,0.0,0.0,0
S0,606,2.25,2.5,0,69.324512,69.324512,0.0,0.0,0.0,0.0,0
S0,606,2.5,2.75,0,69.384928,69.384928,0.0,0.0,0.0,0.0,0
S0,606,2.75,3.0,0,69.265184,69.265184,0.0,0.0,0.0,0.0,0
S0,606,3.0,3.25,0,69.33168,69.33168,0.0,0.0,0.0,0.0,0
S0,606,3.25,3.5,0,69.29584,69.29584,0.0,0.0,0.0,0.0,0
S0,606,3.5,3.75,0,69.275936,69.275936,0.0,0.0,0.0,0.0,0
S0,606,3.75,4.0,0,69.311584,69.311584,0.0,0.0,0.0,0.0,0
S0,606,4.0,4.25,0,69.244032,69.244032,0.0,0.0,0.0,0.0,0
S0,606,4.25,4.5,0,69.318912,69.318912,0.0,0.0,0.0,0.0,0
S0,606,4.5,4.75,0,69.26336,69.26336,0.0,0.0,0.0,0.0,0
S0,606,4.75,5.0,0,69.286656,69.286656,0.0,0.0,0.0,0.0,0
S0,707,0.0,0.25,0,69.259072,69.259072,0.0,0.0,0.0,0.0,0
S0,707,0.25,0.5,0,69.33088,69.33088,0.0,0.0,0.0,0.0,0
S0,707,0.5,0.75,0,69.272384,69.272384,0.0,0.0,0.0,0.0,0
S0,707,0.75,1.0,0,69.345056,69.345056,0.0,0.0,0.0,0.0,0
S0,707,1.0,1.25,0,69.270496,69.270496,0.0,0.0,0.0,0.0,0
S0,707,1.25,1.5,0,69.235328,69.235328,0.0,0.0,0.0,0.0,0
S0,707,1.5,1.75,0,69.364448,69.364448,0.0,0.0,0.0,0.0,0
S0,707,1.75,2.0,0,69.244512,69.244512,0.0,0.0,0.0,0.0,0
S0,707,2.0,2.25,0,69.300672,69.300672,0.0,0.0,0.0,0.0,0
S0,707,2.25,2.5,0,69.335808,69.335808,0.0,0.0,0.0,0.0,0
S0,707,2.5,2.75,0,69.194752,69.194752,0.0,0.0,0.0,0.0,0
S0,707,2.75,3.0,0,69.33808,69.33808,0.0,0.0,0.0,0.0,0
S0,707,3.0,3.25,0,69.35968,69.35968,0.0,0.0,0.0,0.0,0
S0,707,3.25,3.5,0,69.271616,69.271616,0.0,0.0,0.0,0.0,0
S0,707,3.5,3.75,0,69.319424,69.319424,0.0,0.0,0.0,0.0,0
S0,707,3.75,4.0,0,69.321568,69.321568,0.0,0.0,0.0,0.0,0
S0,707,4.0,4.25,0,69.366944,69.366944,0.0,0.0,0.0,0.0,0
S0,707,4.25,4.5,0,69.289984,69.289984,0.0,0.0,0.0,0.0,0
S0,707,4.5,4.75,0,69.373504,69.373504,0.0,0.0,0.0,0.0,0
S0,707,4.75,5.0,0,69.283008,69.283008,0.0,0.0,0.0,0.0,0
S0,808,0.0,0.25,0,69.307712,69.307712,0.0,0.0,0.0,0.0,0
S0,808,0.25,0.5,0,69.276384,69.276384,0.0,0.0,0.0,0.0,0
S0,808,0.5,0.75,0,69.329952,69.329952,0.0,0.0,0.0,0.0,0
S0,808,0.75,1.0,0,69.312096,69.312096,0.0,0.0,0.0,0.0,0
S0,808,1.0,1.25,0,69.284928,69.284928,0.0,0.0,0.0,0.0,0
S0,808,1.25,1.5,0,69.300128,69.300128,0.0,0.0,0.0,0.0,0
S0,808,1.5,1.75,0,69.326208,69.326208,0.0,0.0,0.0,0.0,0
S0,808,1.75,2.0,0,69.329888,69.329888,0.0,0.0,0.0,0.0,0
S0,808,2.0,2.25,0,69.351104,69.351104,0.0,0.0,0.0,0.0,0
S0,808,2.25,2.5,0,69.276512,69.276512,0.0,0.0,0.0,0.0,0
S0,808,2.5,2.75,0,69.30096,69.30096,0.0,0.0,0.0,0.0,0
S0,808,2.75,3.0,0,69.284192,69.284192,0.0,0.0,0.0,0.0,0
S0,808,3.0,3.25,0,69.30656,69.30656,0.0,0.0,0.0,0.0,0
S0,808,3.25,3.5,0,69.300608,69.300608,0.0,0.0,0.0,0.0,0
S0,808,3.5,3.75,0,69.334784,69.334784,0.0,0.0,0.0,0.0,0
S0,808,3.75,4.0,0,69.308608,69.308608,0.0,0.0,0.0,0.0,0
S0,808,4.0,4.25,0,69.240608,69.240608,0.0,0.0,0.0,0.0,0
S0,808,4.25,4.5,0,69.252448,69.252448,0.0,0.0,0.0,0.0,0
S0,808,4.5,4.75,0,69.339456,69.339456,0.0,0.0,0.0,0.0,0
S0,808,4.75,5.0,0,69.248896,69.248896,0.0,0.0,0.0,0.0,0
S1,101,0.0,0.25,0,70.011264,70.011264,0.0,0.0,0.0,0.0,0
S1,101,0.25,0.5,0,69.94464,69.94464,0.0,0.0,0.0,0.0,0
S1,101,0.5,0.75,0,69.995712,69.995712,0.0,0.0,0.0,0.0,0
S1,101,0.75,1.0,0,69.980928,69.980928,0.0,0.0,0.0,0.0,0
S1,101,1.0,1.25,1,43.940384,156.964384,113.024,1000.0,0.004,0.0,1
S1,101,1.25,1.5,1,43.952416,156.976416,113.024,1000.0,0.0,0.0,1
S1,101,1.5,1.75,1,44.011968,157.035968,113.024,1000.0,0.004,0.0,1
S1,101,1.75,2.0,1,43.97984,157.00384,113.024,1000.0,0.0,0.0,1
S1,101,2.0,2.25,1,43.967872,156.991872,113.024,1000.0,0.0,0.0,1
S1,101,2.25,2.5,1,43.963648,156.987648,113.024,1000.0,0.004,0.0,1
S1,101,2.5,2.75,1,43.91424,156.93824,113.024,1000.0,0.0,0.0,1
S1,101,2.75,3.0,1,43.987936,157.011936,113.024,1000.0,0.0,0.0,1
S1,101,3.0,3.25,1,43.901824,156.925824,113.024,1000.0,0.0,0.0,1
S1,101,3.25,3.5,1,43.950048,156.974048,113.024,1000.0,0.004,0.0,1
S1,101,3.5,3.75,1,43.965824,156.989824,113.024,1000.0,0.0,0.0,1
S1,101,3.75,4.0,1,43.9896,157.0136,113.024,1000.0,0.0,0.0,1
S1,101,4.0,4.25,1,43.944256,156.968256,113.024,1000.0,0.004,0.0,1
S1,101,4.25,4.5,1,43.944768,156.968768,113.024,1000.0,0.004,0.0,1
S1,101,4.5,4.75,0,70.015712,70.015712,0.0,0.0,0.0,0.0,0
S1,101,4.75,5.0,0,69.98608,69.98608,0.0,0.0,0.0,0.0,0
S1,202,0.0,0.25,0,70.01296,70.01296,0.0,0.0,0.0,0.0,0
S1,202,0.25,0.5,0,70.005184,70.005184,0.0,0.0,0.0,0.0,0
S1,202,0.5,0.75,0,69.960864,69.960864,0.0,0.0,0.0,0.0,0
S1,202,0.75,1.0,0,69.935328,69.935328,0.0,0.0,0.0,0.0,0
S1,202,1.0,1.25,1,48.43824,138.53424,90.096,1000.0,0.004,1.5403334007920388e-16,1
S1,202,1.25,1.5,1,48.463392,138.559392,90.096,1000.0,0.004,1.5403334007920388e-16,1
S1,202,1.5,1.75,1,48.415776,138.511776,90.096,1000.0,0.0,1.5403334007920388e-16,1
S1,202,1.75,2.0,1,48.503904,138.599904,90.096,1000.0,0.0,1.5403334007920388e-16,1
S1,202,2.0,2.25,1,48.466752,138.562752,90.096,1000.0,0.004,1.5403334007920388e-16,1
S1,202,2.25,2.5,1,48.421504,138.517504,90.096,1000.0,0.0,1.5403334007920388e-16,1
S1,202,2.5,2.75,1,48.453952,138.549952,90.096,1000.0,0.0,1.5403334007920388e-16,1
S1,202,2.75,3.0,1,48.437792,138.533792,90.096,1000.0,0.0,1.5403334007920388e-16,1
S1,202,3.0,3.25,1,48.438784,138.534784,90.096,1000.0,0.004,1.5403334007920388e-16,1
S1,202,3.25,3.5,1,48.494304,138.590304,90.096,1000.0,0.0,1.5403334007920388e-16,1
S1,202,3.5,3.75,1,48.435904,138.531904,90.096,1000.0,0.0,1.5403334007920388e-16,1
S1,202,3.75,4.0,1,48.480832,138.576832,90.096,1000.0,0.004,1.5403334007920388e-16,1
S1,202,4.0,4.25,1,48.426304,138.522304,90.096,1000.0,0.0,1.5403334007920388e-16,1
S1,202,4.25,4.5,1,48.438912,138.534912,90.096,1000.0,0.004,1.5403334007920388e-16,1
S1,202,4.5,4.75,0,70.006592,70.006592,0.0,0.0,0.0,0.0,0
S1,202,4.75,5.0,0,70.03456,70.03456,0.0,0.0,0.0,0.0,0
S1,303,0.0,0.25,0,69.976288,69.976288,0.0,0.0,0.0,0.0,0
S1,303,0.25,0.5,0,70.0008,70.0008,0.0,0.0,0.0,0.0,0
S1,303,0.5,0.75,0,69.975872,69.975872,0.0,0.0,0.0,0.0,0
S1,303,0.75,1.0,0,70.006624,70.006624,0.0,0.0,0.0,0.0,0
S1,303,1.0,1.25,1,49.60192,134.63392,85.032,1000.0,0.0,0.0,1
S1,303,1.25,1.5,1,49.60368,134.63568,85.032,1000.0,0.0,0.0,1
S1,303,1.5,1.75,1,49.57856,134.61056,85.032,1000.0,0.0,0.0,1
S1,303,1.75,2.0,1,49.64656,134.67856,85.032,1000.0,0.0,0.0,1
S1,303,2.0,2.25,1,49.628736,134.660736,85.032,1000.0,0.008,0.0,1
S1,303,2.25,2.5,1,49.605568,134.637568,85.032,1000.0,0.004,0.0,1
S1,303,2.5,2.75,1,49.638848,134.670848,85.032,1000.0,0.008,0.0,1
S1,303,2.75,3.0,1,49.597504,134.629504,85.032,1000.0,0.0,0.0,1
S1,303,3.0,3.25,1,49.626208,134.658208,85.032,1000.0,0.004,0.0,1
S1,303,3.25,3.5,1,49.633856,134.665856,85.032,1000.0,0.004,0.0,1
S1,303,3.5,3.75,1,49.674624,134.706624,85.032,1000.0,0.0,0.0,1
S1,303,3.75,4.0,1,49.619264,134.651264,85.032,1000.0,0.0,0.0,1
S1,303,4.0,4.25,1,49.564992,134.596992,85.032,1000.0,0.004,0.0,1
S1,303,4.25,4.5,1,49.613344,134.645344,85.032,1000.0,0.004,0.0,1
S1,303,4.5,4.75,0,69.988064,69.988064,0.0,0.0,0.0,0.0,0
S1,303,4.75,5.0,0,69.945632,69.945632,0.0,0.0,0.0,0.0,0
S1,404,0.0,0.25,0,69.991264,69.991264,0.0,0.0,0.0,0.0,0
S1,404,0.25,0.5,0,69.988,69.988,0.0,0.0,0.0,0.0,0
S1,404,0.5,0.75,0,70.005184,70.005184,0.0,0.0,0.0,0.0,0
S1,404,0.75,1.0,0,69.92992,69.92992,0.0,0.0,0.0,0.0,0
S1,404,1.0,1.25,1,48.877856,137.301856,88.424,1000.0,0.0,0.0,1
S1,404,1.25,1.5,1,48.828512,137.252512,88.424,1000.0,0.0,0.0,1
S1,404,1.5,1.75,1,48.842112,137.266112,88.424,1000.0,0.004,0.0,1
S1,404,1.75,2.0,1,48.856416,137.280416,88.424,1000.0,0.0,0.0,1
S1,404,2.0,2.25,1,48.788544,137.212544,88.424,1000.0,0.012,0.0,1
S1,404,2.25,2.5,1,48.846112,137.270112,88.424,1000.0,0.0,0.0,1
S1,404,2.5,2.75,1,48.86512,137.28912,88.424,1000.0,0.004,0.0,1
S1,404,2.75,3.0,1,48.766624,137.190624,88.424,1000.0,0.012,0.0,1
S1,404,3.0,3.25,1,48.808,137.232,88.424,1000.0,0.0,0.0,1
S1,404,3.25,3.5,1,48.840096,137.264096,88.424,1000.0,0.004,0.0,1
S1,404,3.5,3.75,1,48.824448,137.248448,88.424,1000.0,0.0,0.0,1
S1,404,3.75,4.0,1,48.828992,137.252992,88.424,1000.0,0.004,0.0,1
S1,404,4.0,4.25,1,48.82304,137.24704,88.424,1000.0,0.004,0.0,1
S1,404,4.25,4.5,1,48.830912,137.254912,88.424,1000.0,0.0,0.0,1
S1,404,4.5,4.75,0,69.994272,69.994272,0.0,0.0,0.0,0.0,0
S1,404,4.75,5.0,0,69.989376,69.989376,0.0,0.0,0.0,0.0,0
S1,505,0.0,0.25,0,70.016032,70.016032,0.0,0.0,0.0,0.0,0
S1,505,0.25,0.5,0,70.01424,70.01424,0.0,0.0,0.0,0.0,0
S1,505,0.5,0.75,0,69.977312,69.977312,0.0,0.0,0.0,0.0,0
S1,505,0.75,1.0,0,69.953216,69.953216,0.0,0.0,0.0,0.0,0
S1,505,1.0,1.25,1,44.554656,154.010656,109.456,1000.0,0.0,1.2678873527063625e-16,1
S1,505,1.25,1.5,1,44.621984,154.077984,109.456,1000.0,0.004,1.2678873527063625e-16,1
S1,505,1.5,1.75,1,44.587424,154.043424,109.456,1000.0,0.004,1.2678873527063625e-16,1
S1,505,1.75,2.0,1,44.570784,154.026784,109.456,1000.0,0.0,1.2678873527063625e-16,1
S1,505,2.0,2.25,1,44.558432,154.014432,109.456,1000.0,0.0,1.2678873527063625e-16,1
S1,505,2.25,2.5,1,44.574848,154.030848,109.456,1000.0,0.0,1.2678873527063625e-16,1
S1,505,2.5,2.75,1,44.590304,154.046304,109.456,1000.0,0.0,1.2678873527063625e-16,1
S1,505,2.75,3.0,1,44.574496,154.030496,109.456,1000.0,0.0,1.2678873527063625e-16,1
S1,505,3.0,3.25,1,44.56336,154.01936,109.456,1000.0,0.0,1.2678873527063625e-16,1
S1,505,3.25,3.5,1,44.57664,154.03264,109.456,1000.0,0.004,1.2678873527063625e-16,1
S1,505,3.5,3.75,1,44.5856,154.0416,109.456,1000.0,0.008,1.2678873527063625e-16,1
S1,505,3.75,4.0,1,44.5928,154.0488,109.456,1000.0,0.004,1.2678873527063625e-16,1
S1,505,4.0,4.25,1,44.587488,154.043488,109.456,1000.0,0.0,1.2678873527063625e-16,1
S1,505,4.25,4.5,1,44.578688,154.034688,109.456,1000.0,0.008,1.2678873527063625e-16,1
S1,505,4.5,4.75,0,70.049376,70.049376,0.0,0.0,0.0,0.0,0
S1,505,4.75,5.0,0,70.053152,70.053152,0.0,0.0,0.0,0.0,0
S1,606,0.0,0.25,0,69.98768,69.98768,0.0,0.0,0.0,0.0,0
S1,606,0.25,0.5,0,69.950688,69.950688,0.0,0.0,0.0,0.0,0
S1,606,0.5,0.75,0,69.962464,69.962464,0.0,0.0,0.0,0.0,0
S1,606,0.75,1.0,0,69.995776,69.995776,0.0,0.0,0.0,0.0,0
S1,606,1.0,1.25,1,45.07504,151.60304,106.528,1000.0,0.0,1.3027361639927428e-16,1
S1,606,1.25,1.5,1,45.088896,151.616896,106.528,1000.0,0.008,1.3027361639927428e-16,1
S1,606,1.5,1.75,1,45.12224,151.65024,106.528,1000.0,0.004,1.3027361639927428e-16,1
S1,606,1.75,2.0,1,45.10976,151.63776,106.528,1000.0,0.004,1.3027361639927428e-16,1
S1,606,2.0,2.25,1,45.11216,151.64016,106.528,1000.0,0.0,1.3027361639927428e-16,1
S1,606,2.25,2.5,1,45.132672,151.660672,106.528,1000.0,0.0,1.3027361639927428e-16,1
S1,606,2.5,2.75,1,45.151648,151.679648,106.528,1000.0,0.004,1.3027361639927428e-16,1
S1,606,2.75,3.0,1,45.1176,151.6456,106.528,1000.0,0.0,1.3027361639927428e-16,1
S1,606,3.0,3.25,1,45.133792,151.661792,106.528,1000.0,0.004,1.3027361639927428e-16,1
S1,606,3.25,3.5,1,45.129664,151.657664,106.528,1000.0,0.004,1.3027361639927428e-16,1
S1,606,3.5,3.75,1,45.12464,151.65264,106.528,1000.0,0.0,1.3027361639927428e-16,1
S1,606,3.75,4.0,1,45.083936,151.611936,106.528,1000.0,0.0,1.3027361639927428e-16,1
S1,606,4.0,4.25,1,45.13712,151.66512,106.528,1000.0,0.004,1.3027361639927428e-16,1
S1,606,4.25,4.5,1,45.099904,151.627904,106.528,1000.0,0.004,1.3027361639927428e-16,1
S1,606,4.5,4.75,0,69.974112,69.974112,0.0,0.0,0.0,0.0,0
S1,606,4.75,5.0,0,69.983872,69.983872,0.0,0.0,0.0,0.0,0
S1,707,0.0,0.25,0,69.98224,69.98224,0.0,0.0,0.0,0.0,0
S1,707,0.25,0.5,0,69.991328,69.991328,0.0,0.0,0.0,0.0,0
S1,707,0.5,0.75,0,70.060672,70.060672,0.0,0.0,0.0,0.0,0
S1,707,0.75,1.0,0,69.954656,69.954656,0.0,0.0,0.0,0.0,0
S1,707,1.0,1.25,1,46.155424,147.259424,101.104,1000.0,0.0,1.3726250007695186e-16,1
S1,707,1.25,1.5,1,46.1704,147.2744,101.104,1000.0,0.012,1.3726250007695186e-16,1
S1,707,1.5,1.75,1,46.13344,147.23744,101.104,1000.0,0.0,1.3726250007695186e-16,1
S1,707,1.75,2.0,1,46.12096,147.22496,101.104,1000.0,0.0,1.3726250007695186e-16,1
S1,707,2.0,2.25,1,46.167744,147.271744,101.104,1000.0,0.004,1.3726250007695186e-16,1
S1,707,2.25,2.5,1,46.107968,147.211968,101.104,1000.0,0.0,1.3726250007695186e-16,1
S1,707,2.5,2.75,1,46.128416,147.232416,101.104,1000.0,0.0,1.3726250007695186e-16,1
S1,707,2.75,3.0,1,46.173152,147.277152,101.104,1000.0,0.008,1.3726250007695186e-16,1
S1,707,3.0,3.25,1,46.089984,147.193984,101.104,1000.0,0.0,1.3726250007695186e-16,1
S1,707,3.25,3.5,1,46.148992,147.252992,101.104,1000.0,0.0,1.3726250007695186e-16,1
S1,707,3.5,3.75,1,46.17376,147.27776,101.104,1000.0,0.0,1.3726250007695186e-16,1
S1,707,3.75,4.0,1,46.107904,147.211904,101.104,1000.0,0.004,1.3726250007695186e-16,1
S1,707,4.0,4.25,1,46.167456,147.271456,101.104,1000.0,0.0,1.3726250007695186e-16,1
S1,707,4.25,4.5,1,46.110496,147.214496,101.104,1000.0,0.0,1.3726250007695186e-16,1
S1,707,4.5,4.75,0,70.032672,70.032672,0.0,0.0,0.0,0.0,0
S1,707,4.75,5.0,0,70.034848,70.034848,0.0,0.0,0.0,0.0,0
S1,808,0.0,0.25,0,69.973792,69.973792,0.0,0.0,0.0,0.0,0
S1,808,0.25,0.5,0,70.032768,70.032768,0.0,0.0,0.0,0.0,0
S1,808,0.5,0.75,0,70.012576,70.012576,0.0,0.0,0.0,0.0,0
S1,808,0.75,1.0,0,69.93376,69.93376,0.0,0.0,0.0,0.0,0
S1,808,1.0,1.25,1,47.778176,141.050176,93.272,1000.0,0.0,1.4878835886200853e-16,1
S1,808,1.25,1.5,1,47.777568,141.049568,93.272,1000.0,0.004,1.4878835886200853e-16,1
S1,808,1.5,1.75,1,47.776672,141.048672,93.272,1000.0,0.004,1.4878835886200853e-16,1
S1,808,1.75,2.0,1,47.744,141.016,93.272,1000.0,0.004,1.4878835886200853e-16,1
S1,808,2.0,2.25,1,47.742368,141.014368,93.272,1000.0,0.004,1.4878835886200853e-16,1
S1,808,2.25,2.5,1,47.737248,141.009248,93.272,1000.0,0.0,1.4878835886200853e-16,1
S1,808,2.5,2.75,1,47.809856,141.081856,93.272,1000.0,0.0,1.4878835886200853e-16,1
S1,808,2.75,3.0,1,47.718016,140.990016,93.272,1000.0,0.0,1.4878835886200853e-16,1
S1,808,3.0,3.25,1,47.744896,141.016896,93.272,1000.0,0.004,1.4878835886200853e-16,1
S1,808,3.25,3.5,1,47.751392,141.023392,93.272,1000.0,0.004,1.4878835886200853e-16,1
S1,808,3.5,3.75,1,47.744032,141.016032,93.272,1000.0,0.004,1.4878835886200853e-16,1
S1,808,3.75,4.0,1,47.792,141.064,93.272,1000.0,0.0,1.4878835886200853e-16,1
S1,808,4.0,4.25,1,47.779712,141.051712,93.272,1000.0,0.004,1.4878835886200853e-16,1
S1,808,4.25,4.5,1,47.722976,140.994976,93.272,1000.0,0.004,1.4878835886200853e-16,1
S1,808,4.5,4.75,0,69.990272,69.990272,0.0,0.0,0.0,0.0,0
S1,808,4.75,5.0,0,69.951072,69.951072,0.0,0.0,0.0,0.0,0
S2_rate_limit,101,0.0,0.25,0,70.011264,70.011264,0.0,0.0,0.0,0.0,0
S2_rate_limit,101,0.25,0.5,0,69.94464,69.94464,0.0,0.0,0.0,0.0,0
S2_rate_limit,101,0.5,0.75,0,69.995712,69.995712,0.0,0.0,0.0,0.0,0
S2_rate_limit,101,0.75,1.0,0,69.980928,69.980928,0.0,0.0,0.0,0.0,0
S2_rate_limit,101,1.0,1.25,1,43.940384,156.964384,113.024,1000.0,0.004,0.0,1
S2_rate_limit,101,1.25,1.5,1,70.004288,74.004288,4.0,0.0,0.0,2.1684043448354833e-16,1
S2_rate_limit,101,1.5,1.75,1,69.963488,73.963488,4.0,0.0,0.0,2.1684043448354833e-16,1
S2_rate_limit,101,1.75,2.0,1,70.036384,74.036384,4.0,0.0,0.0,2.1684043448354833e-16,1
S2_rate_limit,101,2.0,2.25,1,70.091584,74.091584,4.0,0.0,0.0,2.1684043448354833e-16,1
S2_rate_limit,101,2.25,2.5,1,69.971936,73.971936,4.0,0.0,0.0,2.1684043448354833e-16,1
S2_rate_limit,101,2.5,2.75,1,69.992256,73.992256,4.0,0.0,0.0,2.1684043448354833e-16,1
S2_rate_limit,101,2.75,3.0,1,69.991008,73.991008,4.0,0.0,0.0,2.1684043448354833e-16,1
S2_rate_limit,101,3.0,3.25,1,70.001216,74.001216,4.0,0.0,0.0,2.1684043448354833e-16,1
S2_rate_limit,101,3.25,3.5,1,70.010272,74.010272,4.0,0.0,0.0,2.1684043448354833e-16,1
S2_rate_limit,101,3.5,3.75,1,70.024672,74.024672,4.0,0.0,0.0,2.1684043448354833e-16,1
S2_rate_limit,101,3.75,4.0,1,69.979584,73.979584,4.0,0.0,0.0,2.1684043448354833e-16,1
S2_rate_limit,101,4.0,4.25,1,70.033536,74.033536,4.0,0.0,0.0,2.1684043448354833e-16,1
S2_rate_limit,101,4.25,4.5,1,70.057696,74.057696,4.0,0.0,0.0,2.1684043448354833e-16,1
S2_rate_limit,101,4.5,4.75,0,70.020864,70.020864,0.0,0.0,0.0,0.0,0
S2_rate_limit,101,4.75,5.0,0,69.92624,69.92624,0.0,0.0,0.0,0.0,0
S2_rate_limit,202,0.0,0.25,0,70.01296,70.01296,0.0,0.0,0.0,0.0,0
S2_rate_limit,202,0.25,0.5,0,70.005184,70.005184,0.0,0.0,0.0,0.0,0
S2_rate_limit,202,0.5,0.75,0,69.960864,69.960864,0.0,0.0,0.0,0.0,0
S2_rate_limit,202,0.75,1.0,0,69.935328,69.935328,0.0,0.0,0.0,0.0,0
S2_rate_limit,202,1.0,1.25,1,48.43824,138.53424,90.096,1000.0,0.004,1.5403334007920388e-16,1
S2_rate_limit,202,1.25,1.5,1,70.003424,74.003424,4.0,0.0,0.0,2.1684043448354833e-16,1
S2_rate_limit,202,1.5,1.75,1,70.063072,74.063072,4.0,0.0,0.0,2.1684043448354833e-16,1
S2_rate_limit,202,1.75,2.0,1,69.991808,73.991808,4.0,0.0,0.0,2.1684043448354833e-16,1
S2_rate_limit,202,2.0,2.25,1,70.041536,74.041536,4.0,0.0,0.0,2.1684043448354833e-16,1
S2_rate_limit,202,2.25,2.5,1,70.028768,74.028768,4.0,0.0,0.0,2.1684043448354833e-16,1
S2_rate_limit,202,2.5,2.75,1,70.045792,74.045792,4.0,0.0,0.0,2.1684043448354833e-16,1
S2_rate_limit,202,2.75,3.0,1,69.996992,73.996992,4.0,0.0,0.0,2.1684043448354833e-16,1
S2_rate_limit,202,3.0,3.25,1,70.024192,74.024192,4.0,0.0,0.0,2.1684043448354833e-16,1
S2_rate_limit,202,3.25,3.5,1,69.975008,73.975008,4.0,0.0,0.0,2.1684043448354833e-16,1
S2_rate_limit,202,3.5,3.75,1,69.981536,73.981536,4.0,0.0,0.0,2.1684043448354833e-16,1
S2_rate_limit,202,3.75,4.0,1,69.992928,73.992928,4.0,0.0,0.0,2.1684043448354833e-16,1
S2_rate_limit,202,4.0,4.25,1,69.988192,73.988192,4.0,0.0,0.0,2.1684043448354833e-16,1
S2_rate_limit,202,4.25,4.5,1,70.002592,74.002592,4.0,0.0,0.0,2.1684043448354833e-16,1
S2_rate_limit,202,4.5,4.75,0,69.943552,69.943552,0.0,0.0,0.0,0.0,0
S2_rate_limit,202,4.75,5.0,0,70.004768,70.004768,0.0,0.0,0.0,0.0,0
S2_rate_limit,303,0.0,0.25,0,69.976288,69.976288,0.0,0.0,0.0,0.0,0
S2_rate_limit,303,0.25,0.5,0,70.0008,70.0008,0.0,0.0,0.0,0.0,0
S2_rate_limit,303,0.5,0.75,0,69.975872,69.975872,0.0,0.0,0.0,0.0,0
S2_rate_limit,303,0.75,1.0,0,70.006624,70.006624,0.0,0.0,0.0,0.0,0
S2_rate_limit,303,1.0,1.25,1,49.60192,134.63392,85.032,1000.0,0.0,0.0,1
S2_rate_limit,303,1.25,1.5,1,69.988896,73.988896,4.0,0.0,0.0,2.1684043448354833e-16,1
S2_rate_limit,303,1.5,1.75,1,69.963776,73.963776,4.0,0.0,0.0,2.1684043448354833e-16,1
S2_rate_limit,303,1.75,2.0,1,69.932224,73.932224,4.0,0.0,0.0,2.1684043448354833e-16,1
S2_rate_limit,303,2.0,2.25,1,69.993024,73.993024,4.0,0.0,0.0,2.1684043448354833e-16,1
S2_rate_limit,303,2.25,2.5,1,69.983168,73.983168,4.0,0.0,0.0,2.1684043448354833e-16,1
S2_rate_limit,303,2.5,2.75,1,69.990976,73.990976,4.0,0.0,0.0,2.1684043448354833e-16,1
S2_rate_limit,303,2.75,3.0,1,69.915904,73.915904,4.0,0.0,0.0,2.1684043448354833e-16,1
S2_rate_limit,303,3.0,3.25,1,70.051168,74.051168,4.0,0.0,0.0,2.1684043448354833e-16,1
S2_rate_limit,303,3.25,3.5,1,70.055936,74.055936,4.0,0.0,0.0,2.1684043448354833e-16,1
S2_rate_limit,303,3.5,3.75,1,69.936832,73.936832,4.0,0.0,0.0,2.1684043448354833e-16,1
S2_rate_limit,303,3.75,4.0,1,69.983008,73.983008,4.0,0.0,0.0,2.1684043448354833e-16,1
S2_rate_limit,303,4.0,4.25,1,70.055456,74.055456,4.0,0.0,0.0,2.1684043448354833e-16,1
S2_rate_limit,303,4.25,4.5,1,69.962464,73.962464,4.0,0.0,0.0,2.1684043448354833e-16,1
S2_rate_limit,303,4.5,4.75,0,69.972928,69.972928,0.0,0.0,0.0,0.0,0
S2_rate_limit,303,4.75,5.0,0,69.99536,69.99536,0.0,0.0,0.0,0.0,0
S2_rate_limit,404,0.0,0.25,0,69.991264,69.991264,0.0,0.0,0.0,0.0,0
S2_rate_limit,404,0.25,0.5,0,69.988,69.988,0.0,0.0,0.0,0.0,0
S2_rate_limit,404,0.5,0.75,0,70.005184,70.005184,0.0,0.0,0.0,0.0,0
S2_rate_limit,404,0.75,1.0,0,69.92992,69.92992,0.0,0.0,0.0,0.0,0
S2_rate_limit,404,1.0,1.25,1,48.877856,137.301856,88.424,1000.0,0.0,0.0,1
S2_rate_limit,404,1.25,1.5,1,70.026176,74.026176,4.0,0.0,0.0,2.1684043448354833e-16,1
S2_rate_limit,404,1.5,1.75,1,69.995744,73.995744,4.0,0.0,0.0,2.1684043448354833e-16,1
S2_rate_limit,404,1.75,2.0,1,70.039872,74.039872,4.0,0.0,0.0,2.1684043448354833e-16,1
S2_rate_limit,404,2.0,2.25,1,70.006368,74.006368,4.0,0.0,0.0,2.1684043448354833e-16,1
S2_rate_limit,404,2.25,2.5,1,69.989088,73.989088,4.0,0.0,0.0,2.1684043448354833e-16,1
S2_rate_limit,404,2.5,2.75,1,70.001344,74.001344,4.0,0.0,0.0,2.1684043448354833e-16,1
S2_rate_limit,404,2.75,3.0,1,69.961664,73.961664,4.0,0.0,0.0,2.1684043448354833e-16,1
S2_rate_limit,404,3.0,3.25,1,69.948512,73.948512,4.0,0.0,0.0,2.1684043448354833e-16,1
S2_rate_limit,404,3.25,3.5,1,70.074272,74.074272,4.0,0.0,0.0,2.1684043448354833e-16,1
S2_rate_limit,404,3.5,3.75,1,69.977504,73.977504,4.0,0.0,0.0,2.1684043448354833e-16,1
S2_rate_limit,404,3.75,4.0,1,69.963136,73.963136,4.0,0.0,0.0,2.1684043448354833e-16,1
S2_rate_limit,404,4.0,4.25,1,70.116832,74.116832,4.0,0.0,0.0,2.1684043448354833e-16,1
S2_rate_limit,404,4.25,4.5,1,69.922592,73.922592,4.0,0.0,0.0,2.1684043448354833e-16,1
S2_rate_limit,404,4.5,4.75,0,69.979936,69.979936,0.0,0.0,0.0,0.0,0
S2_rate_limit,404,4.75,5.0,0,70.025056,70.025056,0.0,0.0,0.0,0.0,0
S2_rate_limit,505,0.0,0.25,0,70.016032,70.016032,0.0,0.0,0.0,0.0,0
S2_rate_limit,505,0.25,0.5,0,70.01424,70.01424,0.0,0.0,0.0,0.0,0
S2_rate_limit,505,0.5,0.75,0,69.977312,69.977312,0.0,0.0,0.0,0.0,0
S2_rate_limit,505,0.75,1.0,0,69.953216,69.953216,0.0,0.0,0.0,0.0,0
S2_rate_limit,505,1.0,1.25,1,44.554656,154.010656,109.456,1000.0,0.0,1.2678873527063625e-16,1
S2_rate_limit,505,1.25,1.5,1,70.021184,74.021184,4.0,0.0,0.0,2.1684043448354833e-16,1
S2_rate_limit,505,1.5,1.75,1,70.02704,74.02704,4.0,0.0,0.0,2.1684043448354833e-16,1
S2_rate_limit,505,1.75,2.0,1,69.989728,73.989728,4.0,0.0,0.0,2.1684043448354833e-16,1
S2_rate_limit,505,2.0,2.25,1,70.030848,74.030848,4.0,0.0,0.0,2.1684043448354833e-16,1
S2_rate_limit,505,2.25,2.5,1,69.959168,73.959168,4.0,0.0,0.0,2.1684043448354833e-16,1
S2_rate_limit,505,2.5,2.75,1,70.00256,74.00256,4.0,0.0,0.0,2.1684043448354833e-16,1
S2_rate_limit,505,2.75,3.0,1,69.963712,73.963712,4.0,0.0,0.0,2.1684043448354833e-16,1
S2_rate_limit,505,3.0,3.25,1,69.883104,73.883104,4.0,0.0,0.0,2.1684043448354833e-16,1
S2_rate_limit,505,3.25,3.5,1,70.012672,74.012672,4.0,0.0,0.0,2.1684043448354833e-16,1
S2_rate_limit,505,3.5,3.75,1,70.026752,74.026752,4.0,0.0,0.0,2.1684043448354833e-16,1
S2_rate_limit,505,3.75,4.0,1,69.999904,73.999904,4.0,0.0,0.0,2.1684043448354833e-16,1
S2_rate_limit,505,4.0,4.25,1,70.020384,74.020384,4.0,0.0,0.0,2.1684043448354833e-16,1
S2_rate_limit,505,4.25,4.5,1,69.972448,73.972448,4.0,0.0,0.0,2.1684043448354833e-16,1
S2_rate_limit,505,4.5,4.75,0,69.963296,69.963296,0.0,0.0,0.0,0.0,0
S2_rate_limit,505,4.75,5.0,0,70.019712,70.019712,0.0,0.0,0.0,0.0,0
S2_rate_limit,606,0.0,0.25,0,69.98768,69.98768,0.0,0.0,0.0,0.0,0
S2_rate_limit,606,0.25,0.5,0,69.950688,69.950688,0.0,0.0,0.0,0.0,0
S2_rate_limit,606,0.5,0.75,0,69.962464,69.962464,0.0,0.0,0.0,0.0,0
S2_rate_limit,606,0.75,1.0,0,69.995776,69.995776,0.0,0.0,0.0,0.0,0
S2_rate_limit,606,1.0,1.25,1,45.07504,151.60304,106.528,1000.0,0.0,1.3027361639927428e-16,1
S2_rate_limit,606,1.25,1.5,1,69.97936,73.97936,4.0,0.0,0.0,2.1684043448354833e-16,1
S2_rate_limit,606,1.5,1.75,1,69.99936,73.99936,4.0,0.0,0.0,2.1684043448354833e-16,1
S2_rate_limit,606,1.75,2.0,1,69.998976,73.998976,4.0,0.0,0.0,2.1684043448354833e-16,1
S2_rate_limit,606,2.0,2.25,1,70.0728,74.0728,4.0,0.0,0.0,2.1684043448354833e-16,1
S2_rate_limit,606,2.25,2.5,1,70.031232,74.031232,4.0,0.0,0.0,2.1684043448354833e-16,1
S2_rate_limit,606,2.5,2.75,1,70.018464,74.018464,4.0,0.0,0.0,2.1684043448354833e-16,1
S2_rate_limit,606,2.75,3.0,1,69.987776,73.987776,4.0,0.0,0.0,2.1684043448354833e-16,1
S2_rate_limit,606,3.0,3.25,1,69.998176,73.998176,4.0,0.0,0.0,2.1684043448354833e-16,1
S2_rate_limit,606,3.25,3.5,1,70.051648,74.051648,4.0,0.0,0.0,2.1684043448354833e-16,1
S2_rate_limit,606,3.5,3.75,1,70.043488,74.043488,4.0,0.0,0.0,2.1684043448354833e-16,1
S2_rate_limit,606,3.75,4.0,1,70.000032,74.000032,4.0,0.0,0.0,2.1684043448354833e-16,1
S2_rate_limit,606,4.0,4.25,1,70.03632,74.03632,4.0,0.0,0.0,2.1684043448354833e-16,1
S2_rate_limit,606,4.25,4.5,1,70.014624,74.014624,4.0,0.0,0.0,2.1684043448354833e-16,1
S2_rate_limit,606,4.5,4.75,0,70.013408,70.013408,0.0,0.0,0.0,0.0,0
S2_rate_limit,606,4.75,5.0,0,70.081792,70.081792,0.0,0.0,0.0,0.0,0
S2_rate_limit,707,0.0,0.25,0,69.98224,69.98224,0.0,0.0,0.0,0.0,0
S2_rate_limit,707,0.25,0.5,0,69.991328,69.991328,0.0,0.0,0.0,0.0,0
S2_rate_limit,707,0.5,0.75,0,70.060672,70.060672,0.0,0.0,0.0,0.0,0
S2_rate_limit,707,0.75,1.0,0,69.954656,69.954656,0.0,0.0,0.0,0.0,0
S2_rate_limit,707,1.0,1.25,1,46.155424,147.259424,101.104,1000.0,0.0,1.3726250007695186e-16,1
S2_rate_limit,707,1.25,1.5,1,70.045824,74.045824,4.0,0.0,0.0,2.1684043448354833e-16,1
S2_rate_limit,707,1.5,1.75,1,70.024512,74.024512,4.0,0.0,0.0,2.1684043448354833e-16,1
S2_rate_limit,707,1.75,2.0,1,70.009632,74.009632,4.0,0.0,0.0,2.1684043448354833e-16,1
S2_rate_limit,707,2.0,2.25,1,69.948352,73.948352,4.0,0.0,0.0,2.1684043448354833e-16,1
S2_rate_limit,707,2.25,2.5,1,69.970432,73.970432,4.0,0.0,0.0,2.1684043448354833e-16,1
S2_rate_limit,707,2.5,2.75,1,69.939488,73.939488,4.0,0.0,0.0,2.1684043448354833e-16,1
S2_rate_limit,707,2.75,3.0,1,70.041152,74.041152,4.0,0.0,0.0,2.1684043448354833e-16,1
S2_rate_limit,707,3.0,3.25,1,70.045856,74.045856,4.0,0.0,0.0,2.1684043448354833e-16,1
S2_rate_limit,707,3.25,3.5,1,69.98288,73.98288,4.0,0.0,0.0,2.1684043448354833e-16,1
S2_rate_limit,707,3.5,3.75,1,69.922848,73.922848,4.0,0.0,0.0,2.1684043448354833e-16,1
S2_rate_limit,707,3.75,4.0,1,69.994176,73.994176,4.0,0.0,0.0,2.1684043448354833e-16,1
S2_rate_limit,707,4.0,4.25,1,69.989088,73.989088,4.0,0.0,0.0,2.1684043448354833e-16,1
S2_rate_limit,707,4.25,4.5,1,70.048032,74.048032,4.0,0.0,0.0,2.1684043448354833e-16,1
S2_rate_limit,707,4.5,4.75,0,70.016192,70.016192,0.0,0.0,0.0,0.0,0
S2_rate_limit,707,4.75,5.0,0,69.95584,69.95584,0.0,0.0,0.0,0.0,0
S2_rate_limit,808,0.0,0.25,0,69.973792,69.973792,0.0,0.0,0.0,0.0,0
S2_rate_limit,808,0.25,0.5,0,70.032768,70.032768,0.0,0.0,0.0,0.0,0
S2_rate_limit,808,0.5,0.75,0,70.012576,70.012576,0.0,0.0,0.0,0.0,0
S2_rate_limit,808,0.75,1.0,0,69.93376,69.93376,0.0,0.0,0.0,0.0,0
S2_rate_limit,808,1.0,1.25,1,47.778176,141.050176,93.272,1000.0,0.0,1.4878835886200853e-16,1
S2_rate_limit,808,1.25,1.5,1,69.969696,73.969696,4.0,0.0,0.0,2.1684043448354833e-16,1
S2_rate_limit,808,1.5,1.75,1,70.063776,74.063776,4.0,0.0,0.0,2.1684043448354833e-16,1
S2_rate_limit,808,1.75,2.0,1,70.034752,74.034752,4.0,0.0,0.0,2.1684043448354833e-16,1
S2_rate_limit,808,2.0,2.25,1,69.970912,73.970912,4.0,0.0,0.0,2.1684043448354833e-16,1
S2_rate_limit,808,2.25,2.5,1,69.970144,73.970144,4.0,0.0,0.0,2.1684043448354833e-16,1
S2_rate_limit,808,2.5,2.75,1,70.018752,74.018752,4.0,0.0,0.0,2.1684043448354833e-16,1
S2_rate_limit,808,2.75,3.0,1,70.00544,74.00544,4.0,0.0,0.0,2.1684043448354833e-16,1
S2_rate_limit,808,3.0,3.25,1,70.008,74.008,4.0,0.0,0.0,2.1684043448354833e-16,1
S2_rate_limit,808,3.25,3.5,1,70.02176,74.02176,4.0,0.0,0.0,2.1684043448354833e-16,1
S2_rate_limit,808,3.5,3.75,1,69.990784,73.990784,4.0,0.0,0.0,2.1684043448354833e-16,1
S2_rate_limit,808,3.75,4.0,1,70.077056,74.077056,4.0,0.0,0.0,2.1684043448354833e-16,1
S2_rate_limit,808,4.0,4.25,1,70.0272,74.0272,4.0,0.0,0.0,2.1684043448354833e-16,1
S2_rate_limit,808,4.25,4.5,1,69.983904,73.983904,4.0,0.0,0.0,2.1684043448354833e-16,1
S2_rate_limit,808,4.5,4.75,0,69.955872,69.955872,0.0,0.0,0.0,0.0,0
S2_rate_limit,808,4.75,5.0,0,70.0192,70.0192,0.0,0.0,0.0,0.0,0
S2_isolation,101,0.0,0.25,0,70.011264,70.011264,0.0,0.0,0.0,0.0,0
S2_isolation,101,0.25,0.5,0,69.94464,69.94464,0.0,0.0,0.0,0.0,0
S2_isolation,101,0.5,0.75,0,69.995712,69.995712,0.0,0.0,0.0,0.0,0
S2_isolation,101,0.75,1.0,0,69.980928,69.980928,0.0,0.0,0.0,0.0,0
S2_isolation,101,1.0,1.25,1,43.940384,156.964384,113.024,1000.0,0.004,0.0,1
S2_isolation,101,1.25,1.5,1,70.004288,70.004288,0.0,0.0,0.0,0.0,0
S2_isolation,101,1.5,1.75,1,69.963488,69.963488,0.0,0.0,0.0,0.0,0
S2_isolation,101,1.75,2.0,1,70.036384,70.036384,0.0,0.0,0.0,0.0,0
S2_isolation,101,2.0,2.25,1,70.091584,70.091584,0.0,0.0,0.0,0.0,0
S2_isolation,101,2.25,2.5,1,69.971936,69.971936,0.0,0.0,0.0,0.0,0
S2_isolation,101,2.5,2.75,1,69.992256,69.992256,0.0,0.0,0.0,0.0,0
S2_isolation,101,2.75,3.0,1,69.991008,69.991008,0.0,0.0,0.0,0.0,0
S2_isolation,101,3.0,3.25,1,70.001216,70.001216,0.0,0.0,0.0,0.0,0
S2_isolation,101,3.25,3.5,1,70.010272,70.010272,0.0,0.0,0.0,0.0,0
S2_isolation,101,3.5,3.75,1,70.024672,70.024672,0.0,0.0,0.0,0.0,0
S2_isolation,101,3.75,4.0,1,69.979584,69.979584,0.0,0.0,0.0,0.0,0
S2_isolation,101,4.0,4.25,1,70.033536,70.033536,0.0,0.0,0.0,0.0,0
S2_isolation,101,4.25,4.5,1,70.057696,70.057696,0.0,0.0,0.0,0.0,0
S2_isolation,101,4.5,4.75,0,70.020864,70.020864,0.0,0.0,0.0,0.0,0
S2_isolation,101,4.75,5.0,0,69.92624,69.92624,0.0,0.0,0.0,0.0,0
S2_isolation,202,0.0,0.25,0,70.01296,70.01296,0.0,0.0,0.0,0.0,0
S2_isolation,202,0.25,0.5,0,70.005184,70.005184,0.0,0.0,0.0,0.0,0
S2_isolation,202,0.5,0.75,0,69.960864,69.960864,0.0,0.0,0.0,0.0,0
S2_isolation,202,0.75,1.0,0,69.935328,69.935328,0.0,0.0,0.0,0.0,0
S2_isolation,202,1.0,1.25,1,48.43824,138.53424,90.096,1000.0,0.004,1.5403334007920388e-16,1
S2_isolation,202,1.25,1.5,1,70.003424,70.003424,0.0,0.0,0.0,0.0,0
S2_isolation,202,1.5,1.75,1,70.063072,70.063072,0.0,0.0,0.0,0.0,0
S2_isolation,202,1.75,2.0,1,69.991808,69.991808,0.0,0.0,0.0,0.0,0
S2_isolation,202,2.0,2.25,1,70.041536,70.041536,0.0,0.0,0.0,0.0,0
S2_isolation,202,2.25,2.5,1,70.028768,70.028768,0.0,0.0,0.0,0.0,0
S2_isolation,202,2.5,2.75,1,70.045792,70.045792,0.0,0.0,0.0,0.0,0
S2_isolation,202,2.75,3.0,1,69.996992,69.996992,0.0,0.0,0.0,0.0,0
S2_isolation,202,3.0,3.25,1,70.024192,70.024192,0.0,0.0,0.0,0.0,0
S2_isolation,202,3.25,3.5,1,69.975008,69.975008,0.0,0.0,0.0,0.0,0
S2_isolation,202,3.5,3.75,1,69.981536,69.981536,0.0,0.0,0.0,0.0,0
S2_isolation,202,3.75,4.0,1,69.992928,69.992928,0.0,0.0,0.0,0.0,0
S2_isolation,202,4.0,4.25,1,69.988192,69.988192,0.0,0.0,0.0,0.0,0
S2_isolation,202,4.25,4.5,1,70.002592,70.002592,0.0,0.0,0.0,0.0,0
S2_isolation,202,4.5,4.75,0,69.943552,69.943552,0.0,0.0,0.0,0.0,0
S2_isolation,202,4.75,5.0,0,70.004768,70.004768,0.0,0.0,0.0,0.0,0
S2_isolation,303,0.0,0.25,0,69.976288,69.976288,0.0,0.0,0.0,0.0,0
S2_isolation,303,0.25,0.5,0,70.0008,70.0008,0.0,0.0,0.0,0.0,0
S2_isolation,303,0.5,0.75,0,69.975872,69.975872,0.0,0.0,0.0,0.0,0
S2_isolation,303,0.75,1.0,0,70.006624,70.006624,0.0,0.0,0.0,0.0,0
S2_isolation,303,1.0,1.25,1,49.60192,134.63392,85.032,1000.0,0.0,0.0,1
S2_isolation,303,1.25,1.5,1,69.988896,69.988896,0.0,0.0,0.0,0.0,0
S2_isolation,303,1.5,1.75,1,69.963776,69.963776,0.0,0.0,0.0,0.0,0
S2_isolation,303,1.75,2.0,1,69.932224,69.932224,0.0,0.0,0.0,0.0,0
S2_isolation,303,2.0,2.25,1,69.993024,69.993024,0.0,0.0,0.0,0.0,0
S2_isolation,303,2.25,2.5,1,69.983168,69.983168,0.0,0.0,0.0,0.0,0
S2_isolation,303,2.5,2.75,1,69.990976,69.990976,0.0,0.0,0.0,0.0,0
S2_isolation,303,2.75,3.0,1,69.915904,69.915904,0.0,0.0,0.0,0.0,0
S2_isolation,303,3.0,3.25,1,70.051168,70.051168,0.0,0.0,0.0,0.0,0
S2_isolation,303,3.25,3.5,1,70.055936,70.055936,0.0,0.0,0.0,0.0,0
S2_isolation,303,3.5,3.75,1,69.936832,69.936832,0.0,0.0,0.0,0.0,0
S2_isolation,303,3.75,4.0,1,69.983008,69.983008,0.0,0.0,0.0,0.0,0
S2_isolation,303,4.0,4.25,1,70.055456,70.055456,0.0,0.0,0.0,0.0,0
S2_isolation,303,4.25,4.5,1,69.962464,69.962464,0.0,0.0,0.0,0.0,0
S2_isolation,303,4.5,4.75,0,69.972928,69.972928,0.0,0.0,0.0,0.0,0
S2_isolation,303,4.75,5.0,0,69.99536,69.99536,0.0,0.0,0.0,0.0,0
S2_isolation,404,0.0,0.25,0,69.991264,69.991264,0.0,0.0,0.0,0.0,0
S2_isolation,404,0.25,0.5,0,69.988,69.988,0.0,0.0,0.0,0.0,0
S2_isolation,404,0.5,0.75,0,70.005184,70.005184,0.0,0.0,0.0,0.0,0
S2_isolation,404,0.75,1.0,0,69.92992,69.92992,0.0,0.0,0.0,0.0,0
S2_isolation,404,1.0,1.25,1,48.877856,137.301856,88.424,1000.0,0.0,0.0,1
S2_isolation,404,1.25,1.5,1,70.026176,70.026176,0.0,0.0,0.0,0.0,0
S2_isolation,404,1.5,1.75,1,69.995744,69.995744,0.0,0.0,0.0,0.0,0
S2_isolation,404,1.75,2.0,1,70.039872,70.039872,0.0,0.0,0.0,0.0,0
S2_isolation,404,2.0,2.25,1,70.006368,70.006368,0.0,0.0,0.0,0.0,0
S2_isolation,404,2.25,2.5,1,69.989088,69.989088,0.0,0.0,0.0,0.0,0
S2_isolation,404,2.5,2.75,1,70.001344,70.001344,0.0,0.0,0.0,0.0,0
S2_isolation,404,2.75,3.0,1,69.961664,69.961664,0.0,0.0,0.0,0.0,0
S2_isolation,404,3.0,3.25,1,69.948512,69.948512,0.0,0.0,0.0,0.0,0
S2_isolation,404,3.25,3.5,1,70.074272,70.074272,0.0,0.0,0.0,0.0,0
S2_isolation,404,3.5,3.75,1,69.977504,69.977504,0.0,0.0,0.0,0.0,0
S2_isolation,404,3.75,4.0,1,69.963136,69.963136,0.0,0.0,0.0,0.0,0
S2_isolation,404,4.0,4.25,1,70.116832,70.116832,0.0,0.0,0.0,0.0,0
S2_isolation,404,4.25,4.5,1,69.922592,69.922592,0.0,0.0,0.0,0.0,0
S2_isolation,404,4.5,4.75,0,69.979936,69.979936,0.0,0.0,0.0,0.0,0
S2_isolation,404,4.75,5.0,0,70.025056,70.025056,0.0,0.0,0.0,0.0,0
S2_isolation,505,0.0,0.25,0,70.016032,70.016032,0.0,0.0,0.0,0.0,0
S2_isolation,505,0.25,0.5,0,70.01424,70.01424,0.0,0.0,0.0,0.0,0
S2_isolation,505,0.5,0.75,0,69.977312,69.977312,0.0,0.0,0.0,0.0,0
S2_isolation,505,0.75,1.0,0,69.953216,69.953216,0.0,0.0,0.0,0.0,0
S2_isolation,505,1.0,1.25,1,44.554656,154.010656,109.456,1000.0,0.0,1.2678873527063625e-16,1
S2_isolation,505,1.25,1.5,1,70.021184,70.021184,0.0,0.0,0.0,0.0,0
S2_isolation,505,1.5,1.75,1,70.02704,70.02704,0.0,0.0,0.0,0.0,0
S2_isolation,505,1.75,2.0,1,69.989728,69.989728,0.0,0.0,0.0,0.0,0
S2_isolation,505,2.0,2.25,1,70.030848,70.030848,0.0,0.0,0.0,0.0,0
S2_isolation,505,2.25,2.5,1,69.959168,69.959168,0.0,0.0,0.0,0.0,0
S2_isolation,505,2.5,2.75,1,70.00256,70.00256,0.0,0.0,0.0,0.0,0
S2_isolation,505,2.75,3.0,1,69.963712,69.963712,0.0,0.0,0.0,0.0,0
S2_isolation,505,3.0,3.25,1,69.883104,69.883104,0.0,0.0,0.0,0.0,0
S2_isolation,505,3.25,3.5,1,70.012672,70.012672,0.0,0.0,0.0,0.0,0
S2_isolation,505,3.5,3.75,1,70.026752,70.026752,0.0,0.0,0.0,0.0,0
S2_isolation,505,3.75,4.0,1,69.999904,69.999904,0.0,0.0,0.0,0.0,0
S2_isolation,505,4.0,4.25,1,70.020384,70.020384,0.0,0.0,0.0,0.0,0
S2_isolation,505,4.25,4.5,1,69.972448,69.972448,0.0,0.0,0.0,0.0,0
S2_isolation,505,4.5,4.75,0,69.963296,69.963296,0.0,0.0,0.0,0.0,0
S2_isolation,505,4.75,5.0,0,70.019712,70.019712,0.0,0.0,0.0,0.0,0
S2_isolation,606,0.0,0.25,0,69.98768,69.98768,0.0,0.0,0.0,0.0,0
S2_isolation,606,0.25,0.5,0,69.950688,69.950688,0.0,0.0,0.0,0.0,0
S2_isolation,606,0.5,0.75,0,69.962464,69.962464,0.0,0.0,0.0,0.0,0
S2_isolation,606,0.75,1.0,0,69.995776,69.995776,0.0,0.0,0.0,0.0,0
S2_isolation,606,1.0,1.25,1,45.07504,151.60304,106.528,1000.0,0.0,1.3027361639927428e-16,1
S2_isolation,606,1.25,1.5,1,69.97936,69.97936,0.0,0.0,0.0,0.0,0
S2_isolation,606,1.5,1.75,1,69.99936,69.99936,0.0,0.0,0.0,0.0,0
S2_isolation,606,1.75,2.0,1,69.998976,69.998976,0.0,0.0,0.0,0.0,0
S2_isolation,606,2.0,2.25,1,70.0728,70.0728,0.0,0.0,0.0,0.0,0
S2_isolation,606,2.25,2.5,1,70.031232,70.031232,0.0,0.0,0.0,0.0,0
S2_isolation,606,2.5,2.75,1,70.018464,70.018464,0.0,0.0,0.0,0.0,0
S2_isolation,606,2.75,3.0,1,69.987776,69.987776,0.0,0.0,0.0,0.0,0
S2_isolation,606,3.0,3.25,1,69.998176,69.998176,0.0,0.0,0.0,0.0,0
S2_isolation,606,3.25,3.5,1,70.051648,70.051648,0.0,0.0,0.0,0.0,0
S2_isolation,606,3.5,3.75,1,70.043488,70.043488,0.0,0.0,0.0,0.0,0
S2_isolation,606,3.75,4.0,1,70.000032,70.000032,0.0,0.0,0.0,0.0,0
S2_isolation,606,4.0,4.25,1,70.03632,70.03632,0.0,0.0,0.0,0.0,0
S2_isolation,606,4.25,4.5,1,70.014624,70.014624,0.0,0.0,0.0,0.0,0
S2_isolation,606,4.5,4.75,0,70.013408,70.013408,0.0,0.0,0.0,0.0,0
S2_isolation,606,4.75,5.0,0,70.081792,70.081792,0.0,0.0,0.0,0.0,0
