feature,seed,fold,train_size,test_size,accuracy,balanced_accuracy,precision_macro,recall_macro,f1_macro,mcc
Node,17,1,860,215,0.5813953488,0.25,0.1453488372,0.25,0.1838235294,0
Node,17,2,860,215,0.3953488372,0.25,0.0988372093,0.25,0.1416666667,0
Node,17,3,855,220,0.4318181818,0.25,0.1079545455,0.25,0.1507936508,0
Node,17,4,865,210,0.4523809524,0.25,0.1130952381,0.25,0.1557377049,0
Node,17,5,860,215,0.4651162791,0.25,0.1162790698,0.25,0.1587301587,0
Utilised Bandwith Rate,17,1,860,215,0.5813953488,0.5966666667,0.5020833333,0.5966666667,0.5114512472,0.3326918696
Utilised Bandwith Rate,17,2,860,215,0.6511627907,0.6037289916,0.6600678733,0.6037289916,0.5888888889,0.549529965
Utilised Bandwith Rate,17,3,855,220,0.5681818182,0.5498405104,0.5436507937,0.5498405104,0.5458333333,0.376354144
Utilised Bandwith Rate,17,4,865,210,0.6428571429,0.6557017544,0.6433150183,0.6557017544,0.6382168459,0.4395561043
Utilised Bandwith Rate,17,5,860,215,0.5581395349,0.5159090909,0.5424242424,0.5159090909,0.5270562771,0.3382869679
Packet Drop Rate,17,1,860,215,0.6046511628,0.6283333333,0.5494318182,0.6283333333,0.5530732861,0.384664623
Packet Drop Rate,17,2,860,215,0.6744186047,0.6018907563,0.6495535714,0.6018907563,0.5934343434,0.5605522003
Packet Drop Rate,17,3,855,220,0.5909090909,0.5725677831,0.5797619048,0.5725677831,0.5748376623,0.4068331604
Packet Drop Rate,17,4,865,210,0.5238095238,0.5182748538,0.5323426573,0.5182748538,0.5214398112,0.2355745057
Packet Drop Rate,17,5,860,215,0.6046511628,0.5511363636,0.5787878788,0.5511363636,0.5627705628,0.408221293
Full_Bandwidth,17,1,860,215,0.5348837209,0.315,0.3066502463,0.315,0.3003278398,0.1547640047
Full_Bandwidth,17,2,860,215,0.4186046512,0.3474264706,0.2151988636,0.3474264706,0.2642320086,0.1469705274
Full_Bandwidth,17,3,855,220,0.5,0.3468899522,0.25,0.3468899522,0.2872975277,0.2235861536
Full_Bandwidth,17,4,865,210,0.4761904762,0.2668128655,0.2525252525,0.2668128655,0.2368233618,0.06409119235
Full_Bandwidth,17,5,860,215,0.488372093,0.2829545455,0.2467948718,0.2829545455,0.2276836158,0.1261987271
Average_Delay_Time_Per_Sec,17,1,860,215,0.4186046512,0.2541666667,0.2761387164,0.2541666667,0.2588815789,0.06867449081
Average_Delay_Time_Per_Sec,17,2,860,215,0.4651162791,0.4424178762,0.5400910364,0.4424178762,0.4545751634,0.2684035847
Average_Delay_Time_Per_Sec,17,3,855,220,0.4545454545,0.3935905104,0.40625,0.3935905104,0.3885577487,0.2035172615
Average_Delay_Time_Per_Sec,17,4,865,210,0.4047619048,0.4071637427,0.3227272727,0.4071637427,0.3119049561,0.1512482171
Average_Delay_Time_Per_Sec,17,5,860,215,0.511627907,0.5026515152,0.4931049343,0.5026515152,0.4843489843,0.3287120976
Percentage_Of_Lost_Pcaket_Rate,17,1,860,215,0.5581395349,0.5975,0.5120039683,0.5975,0.5165898112,0.3256083825
Percentage_Of_Lost_Pcaket_Rate,17,2,860,215,0.6976744186,0.6165966387,0.6578054299,0.6165966387,0.6066760037,0.5881205524
Percentage_Of_Lost_Pcaket_Rate,17,3,855,220,0.6136363636,0.5952950558,0.6208333333,0.5952950558,0.6036231884,0.4411650266
Percentage_Of_Lost_Pcaket_Rate,17,4,865,210,0.5714285714,0.5460526316,0.5477272727,0.5460526316,0.5449002217,0.2912902268
Percentage_Of_Lost_Pcaket_Rate,17,5,860,215,0.6046511628,0.5511363636,0.5755411255,0.5511363636,0.5617147081,0.4117947878
Percentage_Of_Lost_Byte_Rate,17,1,860,215,0.6046511628,0.6283333333,0.5494318182,0.6283333333,0.5530732861,0.384664623
Percentage_Of_Lost_Byte_Rate,17,2,860,215,0.6744186047,0.6018907563,0.6495535714,0.6018907563,0.5934343434,0.5605522003
Percentage_Of_Lost_Byte_Rate,17,3,855,220,0.5909090909,0.5725677831,0.5797619048,0.5725677831,0.5748376623,0.4068331604
Percentage_Of_Lost_Byte_Rate,17,4,865,210,0.5238095238,0.5182748538,0.5323426573,0.5182748538,0.5214398112,0.2355745057
Percentage_Of_Lost_Byte_Rate,17,5,860,215,0.6046511628,0.5511363636,0.5787878788,0.5511363636,0.5627705628,0.408221293
Packet Received  Rate,17,1,860,215,0.6046511628,0.6283333333,0.5494318182,0.6283333333,0.5530732861,0.384664623
Packet Received  Rate,17,2,860,215,0.6744186047,0.6018907563,0.6495535714,0.6018907563,0.5934343434,0.5605522003
Packet Received  Rate,17,3,855,220,0.5909090909,0.5725677831,0.5797619048,0.5725677831,0.5748376623,0.4068331604
Packet Received  Rate,17,4,865,210,0.5238095238,0.5182748538,0.5323426573,0.5182748538,0.5214398112,0.2355745057
Packet Received  Rate,17,5,860,215,0.6046511628,0.5511363636,0.5787878788,0.5511363636,0.5627705628,0.408221293
of Used_Bandwidth,17,1,860,215,0.511627907,0.3791666667,0.449025974,0.3791666667,0.4022645266,0.2419384784
of Used_Bandwidth,17,2,860,215,0.511627907,0.496395149,0.5354395604,0.496395149,0.4976190476,0.3251996593
of Used_Bandwidth,17,3,855,220,0.5909090909,0.5365829346,0.5411255411,0.5365829346,0.5308897802,0.4049947682
of Used_Bandwidth,17,4,865,210,0.3333333333,0.3706140351,0.2975274725,0.3706140351,0.2973901099,0.04204678205
of Used_Bandwidth,17,5,860,215,0.4651162791,0.4075757576,0.3971014493,0.4075757576,0.4014396456,0.189894154
Lost_Bandwidth,17,1,860,215,0.3488372093,0.2875,0.3070707071,0.2875,0.2926075722,0.02131325249
Lost_Bandwidth,17,2,860,215,0.4186046512,0.358408136,0.419011544,0.358408136,0.362479282,0.1663394644
Lost_Bandwidth,17,3,855,220,0.3863636364,0.3617922648,0.3710227273,0.3617922648,0.3636251452,0.1005821798
Lost_Bandwidth,17,4,865,210,0.2857142857,0.2719298246,0.2256944444,0.2719298246,0.2136636637,-0.0321043662
Lost_Bandwidth,17,5,860,215,0.3953488372,0.3787878788,0.3895334928,0.3787878788,0.3760238729,0.1318123869
Packet Size_Byte,17,1,860,215,0.5813953488,0.25,0.1453488372,0.25,0.1838235294,0
Packet Size_Byte,17,2,860,215,0.3953488372,0.25,0.0988372093,0.25,0.1416666667,0
Packet Size_Byte,17,3,855,220,0.4318181818,0.25,0.1079545455,0.25,0.1507936508,0
Packet Size_Byte,17,4,865,210,0.4523809524,0.25,0.1130952381,0.25,0.1557377049,0
Packet Size_Byte,17,5,860,215,0.4651162791,0.25,0.1162790698,0.25,0.1587301587,0
Packet_Transmitted,17,1,860,215,0.5348837209,0.315,0.3066502463,0.315,0.3003278398,0.1547640047
Packet_Transmitted,17,2,860,215,0.4186046512,0.3474264706,0.2151988636,0.3474264706,0.2642320086,0.1469705274
Packet_Transmitted,17,3,855,220,0.5,0.3468899522,0.25,0.3468899522,0.2872975277,0.2235861536
Packet_Transmitted,17,4,865,210,0.4761904762,0.2668128655,0.2525252525,0.2668128655,0.2368233618,0.06409119235
Packet_Transmitted,17,5,860,215,0.488372093,0.2829545455,0.2467948718,0.2829545455,0.2276836158,0.1261987271
Packet_Received,17,1,860,215,0.5348837209,0.3891666667,0.4134963768,0.3891666667,0.3916666667,0.2517215078
Packet_Received,17,2,860,215,0.511627907,0.496395149,0.5368734336,0.496395149,0.5,0.3197970654
Packet_Received,17,3,855,220,0.5909090909,0.5365829346,0.5411255411,0.5365829346,0.5308897802,0.4049947682
Packet_Received,17,4,865,210,0.3333333333,0.3706140351,0.3112179487,0.3706140351,0.2985119048,0.06757786647
Packet_Received,17,5,860,215,0.488372093,0.4200757576,0.4020833333,0.4200757576,0.4096320346,0.2175957429
Packet_lost,17,1,860,215,0.5581395349,0.4208333333,0.4390350877,0.4208333333,0.4250841751,0.3084029907
Packet_lost,17,2,860,215,0.2558139535,0.2394241788,0.2541666667,0.2394241788,0.2416501976,-0.028722674
Packet_lost,17,3,855,220,0.5227272727,0.4513556619,0.5005952381,0.4513556619,0.4667084727,0.3064437977
Packet_lost,17,4,865,210,0.4047619048,0.3377192982,0.3285714286,0.3377192982,0.286848597,0.06990325366
Packet_lost,17,5,860,215,0.4651162791,0.4265151515,0.4226190476,0.4265151515,0.4232645403,0.2105717618
Transmitted_Byte,17,1,860,215,0.5348837209,0.315,0.3066502463,0.315,0.3003278398,0.1547640047
Transmitted_Byte,17,2,860,215,0.4186046512,0.3474264706,0.2151988636,0.3474264706,0.2642320086,0.1469705274
Transmitted_Byte,17,3,855,220,0.5,0.3468899522,0.25,0.3468899522,0.2872975277,0.2235861536
Transmitted_Byte,17,4,865,210,0.4761904762,0.2668128655,0.2525252525,0.2668128655,0.2368233618,0.06409119235
Transmitted_Byte,17,5,860,215,0.488372093,0.2829545455,0.2467948718,0.2829545455,0.2276836158,0.1261987271
Received_Byte,17,1,860,215,0.5348837209,0.3891666667,0.4301630435,0.3891666667,0.4027777778,0.2537211488
Received_Byte,17,2,860,215,0.511627907,0.496395149,0.5368734336,0.496395149,0.5,0.3197970654
Received_Byte,17,3,855,220,0.5681818182,0.5234250399,0.525,0.5234250399,0.5163070802,0.3750718914
Received_Byte,17,4,865,210,0.3095238095,0.3574561404,0.2916666667,0.3574561404,0.2764784946,0.04594229189
Received_Byte,17,5,860,215,0.511627907,0.4325757576,0.44,0.4325757576,0.4326118326,0.2461412598
10-Run-AVG-Drop-Rate,17,1,860,215,0.5581395349,0.7125,0.5714285714,0.7125,0.5902777778,0.3122620823
10-Run-AVG-Drop-Rate,17,2,860,215,0.6744186047,0.6483718487,0.7192234848,0.6483718487,0.6665626517,0.5511828947
10-Run-AVG-Drop-Rate,17,3,855,220,0.6818181818,0.7298644338,0.7088744589,0.7298644338,0.7181062181,0.5498015958
10-Run-AVG-Drop-Rate,17,4,865,210,0.5476190476,0.5307017544,0.5388888889,0.5307017544,0.5201863354,0.2622583262
10-Run-AVG-Drop-Rate,17,5,860,215,0.6511627907,0.703030303,0.73125,0.703030303,0.7095959596,0.5071248254
10-Run-AVG-Bandwith-Use,17,1,860,215,0.6279069767,0.7641666667,0.5866626794,0.7641666667,0.6127360562,0.4450526591
10-Run-AVG-Bandwith-Use,17,2,860,215,0.6744186047,0.606355042,0.7276785714,0.606355042,0.6150441775,0.5399723986
10-Run-AVG-Bandwith-Use,17,3,855,220,0.5909090909,0.6029704944,0.6284271284,0.6029704944,0.6130081301,0.4054375469
10-Run-AVG-Bandwith-Use,17,4,865,210,0.5,0.3925438596,0.5208333333,0.3925438596,0.4294573643,0.1852698789
10-Run-AVG-Bandwith-Use,17,5,860,215,0.5813953488,0.5678030303,0.6259157509,0.5678030303,0.5899759793,0.3733724326
10-Run-Delay,17,1,860,215,0.3488372093,0.2041666667,0.2281746032,0.2041666667,0.2124329159,-0.002591760013
10-Run-Delay,17,2,860,215,0.1860465116,0.1422125668,0.1376262626,0.1422125668,0.1357466063,-0.1656518242
10-Run-Delay,17,3,855,220,0.3409090909,0.3003389155,0.3071862348,0.3003389155,0.3016917293,0.05357291151
10-Run-Delay,17,4,865,210,0.3095238095,0.1754385965,0.2320512821,0.1754385965,0.19971537,-0.006870175463
10-Run-Delay,17,5,860,215,0.3488372093,0.2575757576,0.2784090909,0.2575757576,0.2659090909,0.0415337583
Node Status,17,1,860,215,0.5348837209,0.46,0.2134615385,0.46,0.2575757576,0.2342498759
Node Status,17,2,860,215,0.4186046512,0.2977941176,0.1712121212,0.2977941176,0.2155555556,0.1421699829
Node Status,17,3,855,220,0.5227272727,0.4736842105,0.2651515152,0.4736842105,0.3399321267,0.3217459142
Node Status,17,4,865,210,0.4285714286,0.4473684211,0.1891495601,0.4473684211,0.2571428571,0.1571571009
Node Status,17,5,860,215,0.5813953488,0.4875,0.2782258065,0.4875,0.3529411765,0.3962027508
Flood Status,17,1,860,215,0.6279069767,0.7858333333,0.7814327485,0.7858333333,0.7757575758,0.4086453571
Flood Status,17,2,860,215,0.7906976744,0.7849264706,0.7876984127,0.7849264706,0.7857142857,0.7067073336
Flood Status,17,3,855,220,0.6136363636,0.6997607656,0.6792929293,0.6997607656,0.688611071,0.4523581981
Flood Status,17,4,865,210,0.6666666667,0.8099415205,0.8110119048,0.8099415205,0.8095588235,0.4490637978
Flood Status,17,5,860,215,0.8139534884,0.8795454545,0.8476190476,0.8795454545,0.8538461538,0.7488288529
Node,42,1,860,215,0.5348837209,0.25,0.1337209302,0.25,0.1742424242,0
Node,42,2,860,215,0.4186046512,0.25,0.1046511628,0.25,0.1475409836,0
Node,42,3,865,210,0.3571428571,0.25,0.08928571429,0.25,0.1315789474,0
Node,42,4,855,220,0.5681818182,0.25,0.1420454545,0.25,0.1811594203,0
Node,42,5,860,215,0.4418604651,0.25,0.1104651163,0.25,0.1532258065,0
Utilised Bandwith Rate,42,1,860,215,0.5813953488,0.5285326087,0.4342532468,0.5285326087,0.4722222222,0.3608574675
Utilised Bandwith Rate,42,2,860,215,0.5581395349,0.4918300654,0.5416666667,0.4918300654,0.5144183773,0.3726298898
Utilised Bandwith Rate,42,3,865,210,0.5,0.5479166667,0.5416666667,0.5479166667,0.5329079079,0.2775894099
Utilised Bandwith Rate,42,4,855,220,0.6818181818,0.67375,0.6539855072,0.67375,0.6620989305,0.4977343095
Utilised Bandwith Rate,42,5,860,215,0.5348837209,0.4502923977,0.4708333333,0.4502923977,0.459653092,0.3089421056
Packet Drop Rate,42,1,860,215,0.5581395349,0.5221273292,0.4770021645,0.5221273292,0.4882376396,0.3311606534
Packet Drop Rate,42,2,860,215,0.5813953488,0.5065359477,0.5595238095,0.5065359477,0.5305474096,0.4068672515
Packet Drop Rate,42,3,865,210,0.5238095238,0.5645833333,0.5737179487,0.5645833333,0.5512460512,0.3101144165
Packet Drop Rate,42,4,855,220,0.6818181818,0.6525,0.6304761905,0.6525,0.6364285714,0.4848491719
Packet Drop Rate,42,5,860,215,0.5581395349,0.4788011696,0.4970588235,0.4788011696,0.4852941176,0.3561226269
Full_Bandwidth,42,1,860,215,0.5348837209,0.3315217391,0.2393465909,0.3315217391,0.2779904306,0.1808793032
Full_Bandwidth,42,2,860,215,0.3720930233,0.2263071895,0.1841133005,0.2263071895,0.1976664379,-0.07336892187
Full_Bandwidth,42,3,865,210,0.4047619048,0.2833333333,0.229020979,0.2833333333,0.2424953096,0.1289234055
Full_Bandwidth,42,4,855,220,0.4772727273,0.2525,0.1893939394,0.2525,0.2164246824,0.01185446695
Full_Bandwidth,42,5,860,215,0.511627907,0.3355263158,0.2712121212,0.3355263158,0.2902097902,0.2187420815
Average_Delay_Time_Per_Sec,42,1,860,215,0.5581395349,0.5094720497,0.5074879227,0.5094720497,0.507613614,0.3084750194
Average_Delay_Time_Per_Sec,42,2,860,215,0.3255813953,0.4984827264,0.3915792541,0.4984827264,0.3317099567,0.08318275301
Average_Delay_Time_Per_Sec,42,3,865,210,0.4523809524,0.4375,0.4237179487,0.4375,0.426046176,0.2168680672
Average_Delay_Time_Per_Sec,42,4,855,220,0.4318181818,0.275,0.2218670077,0.275,0.23625,0.09072377537
Average_Delay_Time_Per_Sec,42,5,860,215,0.3953488372,0.2905701754,0.2962519936,0.2905701754,0.2911654135,0.1196537512
Percentage_Of_Lost_Pcaket_Rate,42,1,860,215,0.5348837209,0.4864130435,0.4075091575,0.4864130435,0.4377705628,0.2981423172
Percentage_Of_Lost_Pcaket_Rate,42,2,860,215,0.5581395349,0.4918300654,0.5512820513,0.4918300654,0.5181818182,0.3836425414
Percentage_Of_Lost_Pcaket_Rate,42,3,865,210,0.5476190476,0.5958333333,0.6553030303,0.5958333333,0.5909090909,0.3536331205
Percentage_Of_Lost_Pcaket_Rate,42,4,855,220,0.7045454545,0.64375,0.6494505495,0.64375,0.6460784314,0.5111908439
Percentage_Of_Lost_Pcaket_Rate,42,5,860,215,0.6046511628,0.5127923977,0.5194444444,0.5127923977,0.5135723959,0.4167500279
Percentage_Of_Lost_Byte_Rate,42,1,860,215,0.5581395349,0.5221273292,0.4770021645,0.5221273292,0.4882376396,0.3311606534
Percentage_Of_Lost_Byte_Rate,42,2,860,215,0.5813953488,0.5065359477,0.5595238095,0.5065359477,0.5305474096,0.4068672515
Percentage_Of_Lost_Byte_Rate,42,3,865,210,0.5238095238,0.5645833333,0.5737179487,0.5645833333,0.5512460512,0.3101144165
Percentage_Of_Lost_Byte_Rate,42,4,855,220,0.6818181818,0.6525,0.6304761905,0.6525,0.6364285714,0.4848491719
Percentage_Of_Lost_Byte_Rate,42,5,860,215,0.5348837209,0.4579678363,0.4781746032,0.4579678363,0.4665830989,0.3171315748
Packet Received  Rate,42,1,860,215,0.5581395349,0.5221273292,0.4770021645,0.5221273292,0.4882376396,0.3311606534
Packet Received  Rate,42,2,860,215,0.5813953488,0.5065359477,0.5595238095,0.5065359477,0.5305474096,0.4068672515
Packet Received  Rate,42,3,865,210,0.5238095238,0.5645833333,0.5737179487,0.5645833333,0.5512460512,0.3101144165
Packet Received  Rate,42,4,855,220,0.6818181818,0.6525,0.6304761905,0.6525,0.6364285714,0.4848491719
Packet Received  Rate,42,5,860,215,0.5348837209,0.4579678363,0.4781746032,0.4579678363,0.4665830989,0.3171315748
of Used_Bandwidth,42,1,860,215,0.5813953488,0.5158773292,0.4991300366,0.5158773292,0.4963203463,0.3655544791
of Used_Bandwidth,42,2,860,215,0.511627907,0.6775210084,0.5059027778,0.6775210084,0.4788235294,0.3503615473
of Used_Bandwidth,42,3,865,210,0.5238095238,0.51875,0.4871794872,0.51875,0.4811688312,0.319829468
of Used_Bandwidth,42,4,855,220,0.5454545455,0.4808333333,0.4670678054,0.4808333333,0.4688644689,0.2873587669
of Used_Bandwidth,42,5,860,215,0.5348837209,0.4440789474,0.453694332,0.4440789474,0.4480495356,0.3128016015
Lost_Bandwidth,42,1,860,215,0.4186046512,0.4194099379,0.3821428571,0.4194099379,0.3819970076,0.1861579398
Lost_Bandwidth,42,2,860,215,0.4186046512,0.3632119514,0.3815359477,0.3632119514,0.3631283069,0.1815376386
Lost_Bandwidth,42,3,865,210,0.3571428571,0.35625,0.3945322793,0.35625,0.3635049161,0.05890327677
Lost_Bandwidth,42,4,855,220,0.4545454545,0.4195833333,0.369047619,0.4195833333,0.3784912221,0.2054278791
Lost_Bandwidth,42,5,860,215,0.3953488372,0.3823099415,0.4488095238,0.3823099415,0.3952380952,0.1037413411
Packet Size_Byte,42,1,860,215,0.5348837209,0.25,0.1337209302,0.25,0.1742424242,0
Packet Size_Byte,42,2,860,215,0.4186046512,0.25,0.1046511628,0.25,0.1475409836,0
Packet Size_Byte,42,3,865,210,0.3571428571,0.25,0.08928571429,0.25,0.1315789474,0
Packet Size_Byte,42,4,855,220,0.5681818182,0.25,0.1420454545,0.25,0.1811594203,0
Packet Size_Byte,42,5,860,215,0.4418604651,0.25,0.1104651163,0.25,0.1532258065,0
Packet_Transmitted,42,1,860,215,0.5348837209,0.3315217391,0.2393465909,0.3315217391,0.2779904306,0.1808793032
Packet_Transmitted,42,2,860,215,0.3720930233,0.2263071895,0.1841133005,0.2263071895,0.1976664379,-0.07336892187
Packet_Transmitted,42,3,865,210,0.4047619048,0.2833333333,0.229020979,0.2833333333,0.2424953096,0.1289234055
Packet_Transmitted,42,4,855,220,0.4772727273,0.2525,0.1893939394,0.2525,0.2164246824,0.01185446695
Packet_Transmitted,42,5,860,215,0.511627907,0.3355263158,0.2712121212,0.3355263158,0.2902097902,0.2187420815
Packet_Received,42,1,860,215,0.5813953488,0.5158773292,0.4991300366,0.5158773292,0.4963203463,0.3655544791
Packet_Received,42,2,860,215,0.5348837209,0.6914098973,0.5121031746,0.6914098973,0.4978594771,0.3623507569
Packet_Received,42,3,865,210,0.5238095238,0.51875,0.494047619,0.51875,0.4824915825,0.3220778575
Packet_Received,42,4,855,220,0.5681818182,0.5225,0.4839015152,0.5225,0.4943885901,0.3349654894
Packet_Received,42,5,860,215,0.5581395349,0.4572368421,0.4668522267,0.4572368421,0.4612074303,0.3472017777
Packet_lost,42,1,860,215,0.6046511628,0.5063664596,0.6633333333,0.5063664596,0.5,0.3718082765
Packet_lost,42,2,860,215,0.4418604651,0.3569094304,0.3998015873,0.3569094304,0.3746579091,0.1887430688
Packet_lost,42,3,865,210,0.380952381,0.3729166667,0.3714646465,0.3729166667,0.3591001716,0.1172967798
Packet_lost,42,4,855,220,0.4090909091,0.3679166667,0.3501082251,0.3679166667,0.3503744827,0.1337608923
Packet_lost,42,5,860,215,0.3953488372,0.3907163743,0.403125,0.3907163743,0.3811157796,0.1427644639
Transmitted_Byte,42,1,860,215,0.5348837209,0.3315217391,0.2393465909,0.3315217391,0.2779904306,0.1808793032
Transmitted_Byte,42,2,860,215,0.3720930233,0.2263071895,0.1841133005,0.2263071895,0.1976664379,-0.07336892187
Transmitted_Byte,42,3,865,210,0.4047619048,0.2833333333,0.229020979,0.2833333333,0.2424953096,0.1289234055
Transmitted_Byte,42,4,855,220,0.4772727273,0.2525,0.1893939394,0.2525,0.2164246824,0.01185446695
Transmitted_Byte,42,5,860,215,0.511627907,0.3355263158,0.2712121212,0.3355263158,0.2902097902,0.2187420815
Received_Byte,42,1,860,215,0.5581395349,0.505007764,0.4711538462,0.505007764,0.4752844055,0.3403109591
Received_Byte,42,2,860,215,0.5581395349,0.7052987862,0.5239035088,0.7052987862,0.5165478083,0.386747594
Received_Byte,42,3,865,210,0.5,0.5020833333,0.4696428571,0.5020833333,0.4585377585,0.2922855872
Received_Byte,42,4,855,220,0.5681818182,0.5225,0.4839015152,0.5225,0.4943885901,0.3349654894
Received_Byte,42,5,860,215,0.5348837209,0.4440789474,0.4513888889,0.4440789474,0.446221108,0.3171315748
10-Run-AVG-Drop-Rate,42,1,860,215,0.6279069767,0.5885093168,0.5728571429,0.5885093168,0.5803571429,0.4043585652
10-Run-AVG-Drop-Rate,42,2,860,215,0.6976744186,0.8129084967,0.6518907563,0.8129084967,0.6642089094,0.5594598117
10-Run-AVG-Drop-Rate,42,3,865,210,0.5476190476,0.5958333333,0.6547619048,0.5958333333,0.5971351445,0.3438713515
10-Run-AVG-Drop-Rate,42,4,855,220,0.5454545455,0.57375,0.7222222222,0.57375,0.6017122412,0.3419351075
10-Run-AVG-Drop-Rate,42,5,860,215,0.5813953488,0.5690789474,0.5583333333,0.5690789474,0.5598268547,0.4017697888
10-Run-AVG-Bandwith-Use,42,1,860,215,0.511627907,0.5341614907,0.4618055556,0.5341614907,0.484177611,0.2918533621
10-Run-AVG-Bandwith-Use,42,2,860,215,0.6279069767,0.7284080299,0.6180147059,0.7284080299,0.6003246753,0.4452549095
10-Run-AVG-Bandwith-Use,42,3,865,210,0.6904761905,0.725,0.777173913,0.725,0.7280566802,0.5740630487
10-Run-AVG-Bandwith-Use,42,4,855,220,0.6363636364,0.61375,0.6279644269,0.61375,0.6171418129,0.4240503644
10-Run-AVG-Bandwith-Use,42,5,860,215,0.6279069767,0.5738304094,0.5895833333,0.5738304094,0.5808823529,0.4473224238
10-Run-Delay,42,1,860,215,0.2790697674,0.1695652174,0.1516666667,0.1695652174,0.1600378788,-0.1616693568
10-Run-Delay,42,2,860,215,0.3720930233,0.2699579832,0.3229166667,0.2699579832,0.2842588446,0.01835238087
10-Run-Delay,42,3,865,210,0.2380952381,0.18125,0.2423007246,0.18125,0.1896193052,-0.08676860672
10-Run-Delay,42,4,855,220,0.2727272727,0.18375,0.2075892857,0.18375,0.1778846154,-0.019555686
10-Run-Delay,42,5,860,215,0.4418604651,0.3406432749,0.3767361111,0.3406432749,0.3388278388,0.1982381132
Node Status,42,1,860,215,0.5581395349,0.3220108696,0.2318548387,0.3220108696,0.2694444444,0.2377987991
Node Status,42,2,860,215,0.3720930233,0.4583333333,0.1418010753,0.4583333333,0.191522763,0.1256183819
Node Status,42,3,865,210,0.4285714286,0.3,0.1976127321,0.3,0.2305194805,0.1306252974
Node Status,42,4,855,220,0.5909090909,0.46,0.2682291667,0.46,0.3312693498,0.2975742759
Node Status,42,5,860,215,0.4651162791,0.4736842105,0.2151785714,0.4736842105,0.2937710438,0.2040578604
Flood Status,42,1,860,215,0.7441860465,0.7785326087,0.7765151515,0.7785326087,0.777124183,0.6053926484
Flood Status,42,2,860,215,0.6511627907,0.783496732,0.7691452569,0.783496732,0.7668699187,0.4708079318
Flood Status,42,3,865,210,0.6904761905,0.7833333333,0.7651143791,0.7833333333,0.7711737473,0.5632090762
Flood Status,42,4,855,220,0.7954545455,0.84625,0.8295454545,0.84625,0.8337066069,0.6852543337
Flood Status,42,5,860,215,0.7441860465,0.8015350877,0.8093434343,0.8015350877,0.8019744483,0.621101618
Node,73,1,860,215,0.5348837209,0.25,0.1337209302,0.25,0.1742424242,0
Node,73,2,860,215,0.4186046512,0.25,0.1046511628,0.25,0.1475409836,0
Node,73,3,855,220,0.5,0.25,0.125,0.25,0.1666666667,0
Node,73,4,865,210,0.4047619048,0.25,0.1011904762,0.25,0.1440677966,0
Node,73,5,860,215,0.4651162791,0.25,0.1162790698,0.25,0.1587301587,0
Utilised Bandwith Rate,73,1,860,215,0.6046511628,0.5349378882,0.4811363636,0.5349378882,0.5017857143,0.3370240357
Utilised Bandwith Rate,73,2,860,215,0.6976744186,0.6180555556,0.6173128342,0.6180555556,0.615320911,0.5672490959
Utilised Bandwith Rate,73,3,855,220,0.5227272727,0.5483766234,0.493452381,0.5483766234,0.5163621262,0.2556721001
Utilised Bandwith Rate,73,4,865,210,0.4761904762,0.4927696078,0.5166666667,0.4927696078,0.5035714286,0.2508199509
Utilised Bandwith Rate,73,5,860,215,0.6046511628,0.6375,0.6369617225,0.6375,0.6369047619,0.4247545754
Packet Drop Rate,73,1,860,215,0.6744186047,0.5745341615,0.5298076923,0.5745341615,0.5433673469,0.4532748441
Packet Drop Rate,73,2,860,215,0.6046511628,0.4819444444,0.5026737968,0.4819444444,0.4915113872,0.4335958842
Packet Drop Rate,73,3,855,220,0.5,0.537012987,0.4866776316,0.537012987,0.506155633,0.2312580253
Packet Drop Rate,73,4,865,210,0.5476190476,0.5491421569,0.5739819005,0.5491421569,0.5603921569,0.3557021782
Packet Drop Rate,73,5,860,215,0.6046511628,0.6375,0.6472431078,0.6375,0.6409090909,0.4245092449
Full_Bandwidth,73,1,860,215,0.511627907,0.2810559006,0.2928571429,0.2810559006,0.2818627451,0.144170314
Full_Bandwidth,73,2,860,215,0.4418604651,0.3083333333,0.2019230769,0.3083333333,0.2432065217,0.1475796506
Full_Bandwidth,73,3,855,220,0.5,0.2694805195,0.2256944444,0.2694805195,0.2319749216,0.07628394236
Full_Bandwidth,73,4,865,210,0.4523809524,0.3100490196,0.2449494949,0.3100490196,0.259047619,0.1501881577
Full_Bandwidth,73,5,860,215,0.4651162791,0.2875,0.2251984127,0.2875,0.2400210084,0.08784104612
Average_Delay_Time_Per_Sec,73,1,860,215,0.5348837209,0.4953416149,0.4377777778,0.4953416149,0.4480676329,0.2368436655
Average_Delay_Time_Per_Sec,73,2,860,215,0.511627907,0.4680555556,0.4916666667,0.4680555556,0.4739393939,0.3099217788
Average_Delay_Time_Per_Sec,73,3,855,220,0.4318181818,0.4436147186,0.345923913,0.4436147186,0.3691919192,0.136521903
Average_Delay_Time_Per_Sec,73,4,865,210,0.4523809524,0.3700980392,0.4117647059,0.3700980392,0.3879551821,0.2266883959
Average_Delay_Time_Per_Sec,73,5,860,215,0.5348837209,0.53125,0.4702380952,0.53125,0.4925265791,0.3159754707
Percentage_Of_Lost_Pcaket_Rate,73,1,860,215,0.6744186047,0.5745341615,0.5298076923,0.5745341615,0.5433673469,0.4532748441
Percentage_Of_Lost_Pcaket_Rate,73,2,860,215,0.6046511628,0.4597222222,0.4810606061,0.4597222222,0.4641304348,0.4206763299
Percentage_Of_Lost_Pcaket_Rate,73,3,855,220,0.5909090909,0.588961039,0.538961039,0.588961039,0.5588023088,0.353229881
Percentage_Of_Lost_Pcaket_Rate,73,4,865,210,0.5238095238,0.4991421569,0.5436507937,0.4991421569,0.5156135531,0.3122741735
Percentage_Of_Lost_Pcaket_Rate,73,5,860,215,0.6046511628,0.6375,0.6503357753,0.6375,0.6413424867,0.4303859063
Percentage_Of_Lost_Byte_Rate,73,1,860,215,0.6744186047,0.5745341615,0.5298076923,0.5745341615,0.5433673469,0.4532748441
Percentage_Of_Lost_Byte_Rate,73,2,860,215,0.6046511628,0.4819444444,0.5026737968,0.4819444444,0.4915113872,0.4335958842
Percentage_Of_Lost_Byte_Rate,73,3,855,220,0.5,0.537012987,0.4866776316,0.537012987,0.506155633,0.2312580253
Percentage_Of_Lost_Byte_Rate,73,4,865,210,0.5476190476,0.5491421569,0.5739819005,0.5491421569,0.5603921569,0.3557021782
Percentage_Of_Lost_Byte_Rate,73,5,860,215,0.6046511628,0.6375,0.6472431078,0.6375,0.6409090909,0.4245092449
Packet Received  Rate,73,1,860,215,0.6744186047,0.5745341615,0.5298076923,0.5745341615,0.5433673469,0.4532748441
Packet Received  Rate,73,2,860,215,0.6046511628,0.4819444444,0.5026737968,0.4819444444,0.4915113872,0.4335958842
Packet Received  Rate,73,3,855,220,0.5,0.537012987,0.4866776316,0.537012987,0.506155633,0.2312580253
Packet Received  Rate,73,4,865,210,0.5476190476,0.5491421569,0.5739819005,0.5491421569,0.5603921569,0.3557021782
Packet Received  Rate,73,5,860,215,0.6046511628,0.6375,0.6472431078,0.6375,0.6409090909,0.4245092449
of Used_Bandwidth,73,1,860,215,0.5581395349,0.3097826087,0.3361111111,0.3097826087,0.3125512715,0.209415566
of Used_Bandwidth,73,2,860,215,0.5813953488,0.4541666667,0.5,0.4541666667,0.4735513025,0.3949491433
of Used_Bandwidth,73,3,855,220,0.5,0.5564935065,0.5583333333,0.5564935065,0.5482367394,0.2564709776
of Used_Bandwidth,73,4,865,210,0.4523809524,0.4446078431,0.4230113636,0.4446078431,0.4314229249,0.2308380343
of Used_Bandwidth,73,5,860,215,0.511627907,0.4875,0.3774154589,0.4875,0.4190199336,0.2780915738
Lost_Bandwidth,73,1,860,215,0.3953488372,0.2851966874,0.2769423559,0.2851966874,0.2697802198,0.07593868729
Lost_Bandwidth,73,2,860,215,0.4418604651,0.3458333333,0.3940746753,0.3458333333,0.3618131868,0.1802582371
Lost_Bandwidth,73,3,855,220,0.2272727273,0.349025974,0.2140151515,0.349025974,0.2188235294,-0.04438459508
Lost_Bandwidth,73,4,865,210,0.4047619048,0.3676470588,0.3628393665,0.3676470588,0.3651470588,0.1499221133
Lost_Bandwidth,73,5,860,215,0.3953488372,0.40625,0.3833333333,0.40625,0.3565656566,0.09130304383
Packet Size_Byte,73,1,860,215,0.5348837209,0.25,0.1337209302,0.25,0.1742424242,0
Packet Size_Byte,73,2,860,215,0.4186046512,0.25,0.1046511628,0.25,0.1475409836,0
Packet Size_Byte,73,3,855,220,0.5,0.25,0.125,0.25,0.1666666667,0
Packet Size_Byte,73,4,865,210,0.4047619048,0.25,0.1011904762,0.25,0.1440677966,0
Packet Size_Byte,73,5,860,215,0.4651162791,0.25,0.1162790698,0.25,0.1587301587,0
Packet_Transmitted,73,1,860,215,0.511627907,0.2810559006,0.2928571429,0.2810559006,0.2818627451,0.144170314
Packet_Transmitted,73,2,860,215,0.4418604651,0.3083333333,0.2019230769,0.3083333333,0.2432065217,0.1475796506
Packet_Transmitted,73,3,855,220,0.5,0.2694805195,0.2256944444,0.2694805195,0.2319749216,0.07628394236
Packet_Transmitted,73,4,865,210,0.4523809524,0.3100490196,0.2449494949,0.3100490196,0.259047619,0.1501881577
Packet_Transmitted,73,5,860,215,0.4651162791,0.2875,0.2251984127,0.2875,0.2400210084,0.08784104612
Packet_Received,73,1,860,215,0.5581395349,0.3097826087,0.3215517241,0.3097826087,0.3092948718,0.2137292056
Packet_Received,73,2,860,215,0.5581395349,0.4402777778,0.4808479532,0.4402777778,0.4584572611,0.3641374819
Packet_Received,73,3,855,220,0.5227272727,0.5743506494,0.5708333333,0.5743506494,0.5629426218,0.2918462849
Packet_Received,73,4,865,210,0.4761904762,0.4758578431,0.4386363636,0.4758578431,0.4486262077,0.2696055216
Packet_Received,73,5,860,215,0.511627907,0.4875,0.3774154589,0.4875,0.4190199336,0.2780915738
Packet_lost,73,1,860,215,0.5348837209,0.4298654244,0.4053030303,0.4298654244,0.4130699088,0.232709005
Packet_lost,73,2,860,215,0.4418604651,0.3638888889,0.3447802198,0.3638888889,0.3501776756,0.2042276029
Packet_lost,73,3,855,220,0.3181818182,0.400974026,0.2666666667,0.400974026,0.2885601118,0.01848145229
Packet_lost,73,4,865,210,0.4047619048,0.3799019608,0.355952381,0.3799019608,0.3663744344,0.1599680524
Packet_lost,73,5,860,215,0.4418604651,0.44375,0.4107142857,0.44375,0.4118818681,0.1785419253
Transmitted_Byte,73,1,860,215,0.511627907,0.2810559006,0.2928571429,0.2810559006,0.2818627451,0.144170314
Transmitted_Byte,73,2,860,215,0.4418604651,0.3083333333,0.2019230769,0.3083333333,0.2432065217,0.1475796506
Transmitted_Byte,73,3,855,220,0.5,0.2694805195,0.2256944444,0.2694805195,0.2319749216,0.07628394236
Transmitted_Byte,73,4,865,210,0.4523809524,0.3100490196,0.2449494949,0.3100490196,0.259047619,0.1501881577
Transmitted_Byte,73,5,860,215,0.4651162791,0.2875,0.2251984127,0.2875,0.2400210084,0.08784104612
Received_Byte,73,1,860,215,0.5348837209,0.2989130435,0.3178571429,0.2989130435,0.3026960784,0.1851644303
Received_Byte,73,2,860,215,0.5581395349,0.4402777778,0.4808479532,0.4402777778,0.4584572611,0.3641374819
Received_Byte,73,3,855,220,0.5,0.5564935065,0.5531798246,0.5564935065,0.548245614,0.2492528151
Received_Byte,73,4,865,210,0.4523809524,0.4611519608,0.4204004329,0.4611519608,0.4351513865,0.2405007326
Received_Byte,73,5,860,215,0.488372093,0.475,0.3613636364,0.475,0.4011904762,0.2518477508
10-Run-AVG-Drop-Rate,73,1,860,215,0.7674418605,0.8563664596,0.775,0.8563664596,0.8027597403,0.6272819828
10-Run-AVG-Drop-Rate,73,2,860,215,0.5813953488,0.5333333333,0.5391483516,0.5333333333,0.5290898618,0.4199609931
10-Run-AVG-Drop-Rate,73,3,855,220,0.5227272727,0.5548701299,0.5215686275,0.5548701299,0.5283218126,0.2512274959
10-Run-AVG-Drop-Rate,73,4,865,210,0.5714285714,0.6448529412,0.6431818182,0.6448529412,0.6437888199,0.3891631614
10-Run-AVG-Drop-Rate,73,5,860,215,0.6279069767,0.63125,0.6964285714,0.63125,0.6458333333,0.4563967273
10-Run-AVG-Bandwith-Use,73,1,860,215,0.7209302326,0.8206521739,0.7765909091,0.8206521739,0.7917857143,0.5339266653
10-Run-AVG-Bandwith-Use,73,2,860,215,0.6046511628,0.5402777778,0.5402777778,0.5402777778,0.538336784,0.4296958926
10-Run-AVG-Bandwith-Use,73,3,855,220,0.4318181818,0.417965368,0.4118671184,0.417965368,0.4127777778,0.1077554252
10-Run-AVG-Bandwith-Use,73,4,865,210,0.4761904762,0.4927696078,0.5708333333,0.4927696078,0.5216216216,0.2372362213
10-Run-AVG-Bandwith-Use,73,5,860,215,0.6046511628,0.5625,0.7433333333,0.5625,0.5909090909,0.3997640814
10-Run-Delay,73,1,860,215,0.3488372093,0.1979813665,0.1917613636,0.1979813665,0.1944444444,-0.09082745795
10-Run-Delay,73,2,860,215,0.3488372093,0.2777777778,0.3244047619,0.2777777778,0.2787004662,0.06523642499
10-Run-Delay,73,3,855,220,0.2954545455,0.1737012987,0.2022727273,0.1737012987,0.1856060606,-0.07700023922
10-Run-Delay,73,4,865,210,0.3333333333,0.2699754902,0.2773809524,0.2699754902,0.2589293747,0.0574361378
10-Run-Delay,73,5,860,215,0.3255813953,0.3125,0.265625,0.3125,0.2760180995,0.06387408734
Node Status,73,1,860,215,0.6046511628,0.5,0.2580357143,0.5,0.3346394984,0.3672199488
Node Status,73,2,860,215,0.4186046512,0.4583333333,0.1886363636,0.4583333333,0.2624434389,0.1637101987
Node Status,73,3,855,220,0.5454545455,0.4659090909,0.2476190476,0.4659090909,0.3142712551,0.3217676318
Node Status,73,4,865,210,0.4285714286,0.4411764706,0.2082228117,0.4411764706,0.2801932367,0.2046061669
Node Status,73,5,860,215,0.4651162791,0.275,0.186827957,0.275,0.2219251337,0.1239394332
Flood Status,73,1,860,215,0.6511627907,0.7880434783,0.7327380952,0.7880434783,0.7554299149,0.4329764117
Flood Status,73,2,860,215,0.7906976744,0.8194444444,0.8230994152,0.8194444444,0.8207681366,0.6943960943
Flood Status,73,3,855,220,0.7272727273,0.8246753247,0.8246753247,0.8246753247,0.8246753247,0.5679214403
Flood Status,73,4,865,210,0.7380952381,0.8075980392,0.7899305556,0.8075980392,0.7977941176,0.6312129274
Flood Status,73,5,860,215,0.6511627907,0.7,0.7479757085,0.7,0.7179089027,0.4932487656
Node,101,1,860,215,0.511627907,0.25,0.1279069767,0.25,0.1692307692,0
Node,101,2,860,215,0.511627907,0.25,0.1279069767,0.25,0.1692307692,0
Node,101,3,860,215,0.3023255814,0.25,0.07558139535,0.25,0.1160714286,0
Node,101,4,855,220,0.4318181818,0.25,0.1079545455,0.25,0.1507936508,0
Node,101,5,865,210,0.5714285714,0.25,0.1428571429,0.25,0.1818181818,0
Utilised Bandwith Rate,101,1,860,215,0.5813953488,0.6174242424,0.5592105263,0.6174242424,0.5813377679,0.3746520612
Utilised Bandwith Rate,101,2,860,215,0.6046511628,0.6056818182,0.5922619048,0.6056818182,0.593115942,0.3812849914
Utilised Bandwith Rate,101,3,860,215,0.5581395349,0.5299450549,0.5916666667,0.5299450549,0.5287612972,0.3971929139
Utilised Bandwith Rate,101,4,855,220,0.6363636364,0.6978383459,0.6507936508,0.6978383459,0.6575592885,0.479087591
Utilised Bandwith Rate,101,5,865,210,0.619047619,0.5506944444,0.544047619,0.5506944444,0.5441520468,0.4034267343
Packet Drop Rate,101,1,860,215,0.6046511628,0.6382575758,0.5886977058,0.6382575758,0.6091155457,0.4054577675
Packet Drop Rate,101,2,860,215,0.6046511628,0.6151515152,0.6028138528,0.6151515152,0.6063363667,0.3938986879
Packet Drop Rate,101,3,860,215,0.6046511628,0.5684065934,0.7434210526,0.5684065934,0.5695967349,0.4611481469
Packet Drop Rate,101,4,855,220,0.6363636364,0.6931390977,0.652173913,0.6931390977,0.6482683983,0.4818465284
Packet Drop Rate,101,5,865,210,0.6428571429,0.5784722222,0.5678030303,0.5784722222,0.5681818182,0.4507784815
Full_Bandwidth,101,1,860,215,0.4651162791,0.2840909091,0.2233333333,0.2840909091,0.2489361702,0.09121485986
Full_Bandwidth,101,2,860,215,0.488372093,0.2954545455,0.2656739812,0.2954545455,0.2774936061,0.1188768008
Full_Bandwidth,101,3,860,215,0.3488372093,0.2884615385,0.1715686275,0.2884615385,0.1958413926,0.09419637422
Full_Bandwidth,101,4,855,220,0.4772727273,0.2998120301,0.2738970588,0.2998120301,0.2645797599,0.1571469327
Full_Bandwidth,101,5,865,210,0.5476190476,0.2916666667,0.25,0.2916666667,0.2632415254,0.08716936998
Average_Delay_Time_Per_Sec,101,1,860,215,0.488372093,0.4435606061,0.4333333333,0.4435606061,0.4282342657,0.2583807513
Average_Delay_Time_Per_Sec,101,2,860,215,0.488372093,0.3465909091,0.3424242424,0.3465909091,0.3416305916,0.1842461531
Average_Delay_Time_Per_Sec,101,3,860,215,0.3720930233,0.3423076923,0.3232323232,0.3423076923,0.3285936616,0.1398901205
Average_Delay_Time_Per_Sec,101,4,855,220,0.3409090909,0.3284774436,0.3303571429,0.3284774436,0.3114295125,0.1143740222
Average_Delay_Time_Per_Sec,101,5,865,210,0.5238095238,0.4743055556,0.4180764411,0.4743055556,0.4368770764,0.2738909697
Percentage_Of_Lost_Pcaket_Rate,101,1,860,215,0.5581395349,0.6060606061,0.5603174603,0.6060606061,0.5778069153,0.3417241338
Percentage_Of_Lost_Pcaket_Rate,101,2,860,215,0.6511627907,0.6670454545,0.6331521739,0.6670454545,0.6403846154,0.4634981213
Percentage_Of_Lost_Pcaket_Rate,101,3,860,215,0.6279069767,0.5876373626,0.7648809524,0.5876373626,0.5864009288,0.5004681376
Percentage_Of_Lost_Pcaket_Rate,101,4,855,220,0.6818181818,0.7288533835,0.7007575758,0.7288533835,0.7011664899,0.5408005917
Percentage_Of_Lost_Pcaket_Rate,101,5,865,210,0.6428571429,0.54375,0.5196428571,0.54375,0.5236166008,0.4465770109
Percentage_Of_Lost_Byte_Rate,101,1,860,215,0.6046511628,0.6382575758,0.5886977058,0.6382575758,0.6091155457,0.4054577675
Percentage_Of_Lost_Byte_Rate,101,2,860,215,0.6046511628,0.6151515152,0.6028138528,0.6151515152,0.6063363667,0.3938986879
Percentage_Of_Lost_Byte_Rate,101,3,860,215,0.6046511628,0.5684065934,0.7434210526,0.5684065934,0.5695967349,0.4611481469
Percentage_Of_Lost_Byte_Rate,101,4,855,220,0.6363636364,0.6931390977,0.652173913,0.6931390977,0.6482683983,0.4818465284
Percentage_Of_Lost_Byte_Rate,101,5,865,210,0.6428571429,0.5784722222,0.5678030303,0.5784722222,0.5681818182,0.4507784815
Packet Received  Rate,101,1,860,215,0.6046511628,0.6382575758,0.5886977058,0.6382575758,0.6091155457,0.4054577675
Packet Received  Rate,101,2,860,215,0.6046511628,0.6151515152,0.6028138528,0.6151515152,0.6063363667,0.3938986879
Packet Received  Rate,101,3,860,215,0.6046511628,0.5684065934,0.7434210526,0.5684065934,0.5695967349,0.4611481469
Packet Received  Rate,101,4,855,220,0.6363636364,0.6931390977,0.652173913,0.6931390977,0.6482683983,0.4818465284
Packet Received  Rate,101,5,865,210,0.6428571429,0.5784722222,0.5678030303,0.5784722222,0.5681818182,0.4507784815
of Used_Bandwidth,101,1,860,215,0.6279069767,0.6079545455,0.5395833333,0.6079545455,0.5603632479,0.4543500715
of Used_Bandwidth,101,2,860,215,0.4418604651,0.4428030303,0.403219697,0.4428030303,0.4069412662,0.2062792441
of Used_Bandwidth,101,3,860,215,0.511627907,0.4684065934,0.5769927536,0.4684065934,0.4816666667,0.3367655705
of Used_Bandwidth,101,4,855,220,0.5,0.5202067669,0.4746031746,0.5202067669,0.4816541722,0.2983144901
of Used_Bandwidth,101,5,865,210,0.5476190476,0.4625,0.4613636364,0.4625,0.4590909091,0.3011128987
Lost_Bandwidth,101,1,860,215,0.488372093,0.553030303,0.4805555556,0.553030303,0.4963203463,0.264820147
Lost_Bandwidth,101,2,860,215,0.3720930233,0.2708333333,0.2922619048,0.2708333333,0.2793040293,0.03182798362
Lost_Bandwidth,101,3,860,215,0.3255813953,0.2980769231,0.3458333333,0.2980769231,0.3025484724,0.06373588018
Lost_Bandwidth,101,4,855,220,0.4772727273,0.5112781955,0.4556502525,0.5112781955,0.4681547619,0.2721770623
Lost_Bandwidth,101,5,865,210,0.4285714286,0.3805555556,0.3113038278,0.3805555556,0.3233584131,0.1386975585
Packet Size_Byte,101,1,860,215,0.511627907,0.25,0.1279069767,0.25,0.1692307692,0
Packet Size_Byte,101,2,860,215,0.511627907,0.25,0.1279069767,0.25,0.1692307692,0
Packet Size_Byte,101,3,860,215,0.3023255814,0.25,0.07558139535,0.25,0.1160714286,0
Packet Size_Byte,101,4,855,220,0.4318181818,0.25,0.1079545455,0.25,0.1507936508,0
Packet Size_Byte,101,5,865,210,0.5714285714,0.25,0.1428571429,0.25,0.1818181818,0
Packet_Transmitted,101,1,860,215,0.4651162791,0.2840909091,0.2233333333,0.2840909091,0.2489361702,0.09121485986
Packet_Transmitted,101,2,860,215,0.488372093,0.2954545455,0.2656739812,0.2954545455,0.2774936061,0.1188768008
Packet_Transmitted,101,3,860,215,0.3488372093,0.2884615385,0.1715686275,0.2884615385,0.1958413926,0.09419637422
Packet_Transmitted,101,4,855,220,0.4772727273,0.2998120301,0.2738970588,0.2998120301,0.2645797599,0.1571469327
Packet_Transmitted,101,5,865,210,0.5476190476,0.2916666667,0.25,0.2916666667,0.2632415254,0.08716936998
Packet_Received,101,1,860,215,0.6279069767,0.6079545455,0.5395833333,0.6079545455,0.5603632479,0.4543500715
Packet_Received,101,2,860,215,0.4651162791,0.4541666667,0.4126804568,0.4541666667,0.4243589744,0.2183014894
Packet_Received,101,3,860,215,0.511627907,0.4684065934,0.5833333333,0.4684065934,0.4786803966,0.3447049243
Packet_Received,101,4,855,220,0.5,0.5202067669,0.4646464646,0.5202067669,0.4747617182,0.2969489861
Packet_Received,101,5,865,210,0.5714285714,0.5125,0.4872408293,0.5125,0.4946088795,0.351318976
Packet_lost,101,1,860,215,0.5581395349,0.5768939394,0.5174107143,0.5768939394,0.5321637427,0.3638258555
Packet_lost,101,2,860,215,0.3255813953,0.2992424242,0.2552521008,0.2992424242,0.265137766,0.002474122677
Packet_lost,101,3,860,215,0.3023255814,0.2788461538,0.3818181818,0.2788461538,0.3033126294,0.03982615493
Packet_lost,101,4,855,220,0.3863636364,0.4360902256,0.3913690476,0.4360902256,0.4083333333,0.124578631
Packet_lost,101,5,865,210,0.5952380952,0.4708333333,0.4728571429,0.4708333333,0.4574829932,0.3324089989
Transmitted_Byte,101,1,860,215,0.4651162791,0.2840909091,0.2233333333,0.2840909091,0.2489361702,0.09121485986
Transmitted_Byte,101,2,860,215,0.488372093,0.2954545455,0.2656739812,0.2954545455,0.2774936061,0.1188768008
Transmitted_Byte,101,3,860,215,0.3488372093,0.2884615385,0.1715686275,0.2884615385,0.1958413926,0.09419637422
Transmitted_Byte,101,4,855,220,0.4772727273,0.2998120301,0.2738970588,0.2998120301,0.2645797599,0.1571469327
Transmitted_Byte,101,5,865,210,0.5476190476,0.2916666667,0.25,0.2916666667,0.2632415254,0.08716936998
Received_Byte,101,1,860,215,0.6279069767,0.6079545455,0.5395833333,0.6079545455,0.5603632479,0.4543500715
Received_Byte,101,2,860,215,0.4418604651,0.4428030303,0.395260989,0.4428030303,0.4058213716,0.1966628558
Received_Byte,101,3,860,215,0.511627907,0.4684065934,0.5833333333,0.4684065934,0.4786803966,0.3447049243
Received_Byte,101,4,855,220,0.5,0.5202067669,0.4746031746,0.5202067669,0.4816541722,0.2983144901
Received_Byte,101,5,865,210,0.5476190476,0.5020833333,0.4597763348,0.5020833333,0.4714285714,0.3278322412
10-Run-AVG-Drop-Rate,101,1,860,215,0.6279069767,0.6212121212,0.5897435897,0.6212121212,0.5930555556,0.4153351754
10-Run-AVG-Drop-Rate,101,2,860,215,0.511627907,0.540530303,0.5194444444,0.540530303,0.519005848,0.2807866874
10-Run-AVG-Drop-Rate,101,3,860,215,0.6279069767,0.6593406593,0.6805555556,0.6593406593,0.6622490413,0.5004768997
10-Run-AVG-Drop-Rate,101,4,855,220,0.5909090909,0.6127819549,0.6041666667,0.6127819549,0.603008089,0.3935041915
10-Run-AVG-Drop-Rate,101,5,865,210,0.5952380952,0.5798611111,0.6041666667,0.5798611111,0.58,0.3946879928
10-Run-AVG-Bandwith-Use,101,1,860,215,0.6511627907,0.6609848485,0.6446428571,0.6609848485,0.6513242894,0.4620349031
10-Run-AVG-Bandwith-Use,101,2,860,215,0.5813953488,0.5621212121,0.5797101449,0.5621212121,0.5694444444,0.3348078141
10-Run-AVG-Bandwith-Use,101,3,860,215,0.5581395349,0.5736263736,0.5858585859,0.5736263736,0.5598611914,0.4171813892
10-Run-AVG-Bandwith-Use,101,4,855,220,0.6136363636,0.5906954887,0.6034798535,0.5906954887,0.5950396825,0.4229950969
10-Run-AVG-Bandwith-Use,101,5,865,210,0.6904761905,0.6340277778,0.7438034188,0.6340277778,0.6677777778,0.4701032002
10-Run-Delay,101,1,860,215,0.3953488372,0.2696969697,0.2721014493,0.2696969697,0.2696969697,0.05025619297
10-Run-Delay,101,2,860,215,0.3255813953,0.1875,0.1877470356,0.1875,0.1874396135,-0.06363534563
10-Run-Delay,101,3,860,215,0.3023255814,0.2615384615,0.2850649351,0.2615384615,0.2590686275,0.03946720643
10-Run-Delay,101,4,855,220,0.2727272727,0.1945488722,0.2852564103,0.1945488722,0.2138888889,-0.08765558001
10-Run-Delay,101,5,865,210,0.3095238095,0.2493055556,0.2378472222,0.2493055556,0.231547619,-0.009498909768
Node Status,101,1,860,215,0.5581395349,0.4772727273,0.2515151515,0.4772727273,0.3246753247,0.3014176401
Node Status,101,2,860,215,0.5813953488,0.4772727273,0.2628205128,0.4772727273,0.3311965812,0.3648209243
Node Status,101,3,860,215,0.4418604651,0.4807692308,0.2346153846,0.4807692308,0.3145348837,0.3259893577
Node Status,101,4,855,220,0.4090909091,0.4342105263,0.196969697,0.4342105263,0.2679487179,0.123885186
Node Status,101,5,865,210,0.619047619,0.4791666667,0.271875,0.4791666667,0.3392857143,0.3438347371
Flood Status,101,1,860,215,0.6976744186,0.8049242424,0.7675438596,0.8049242424,0.7826198192,0.5439688707
Flood Status,101,2,860,215,0.6046511628,0.740530303,0.7412280702,0.740530303,0.738934056,0.3988952886
Flood Status,101,3,860,215,0.7209302326,0.7692307692,0.7504960317,0.7692307692,0.7446236559,0.637359001
Flood Status,101,4,855,220,0.7272727273,0.8045112782,0.8130434783,0.8045112782,0.8035714286,0.5996119632
Flood Status,101,5,865,210,0.7380952381,0.8506944444,0.8299632353,0.8506944444,0.8229268293,0.6326958526
Node,2026,1,860,215,0.511627907,0.25,0.1279069767,0.25,0.1692307692,0
Node,2026,2,860,215,0.3953488372,0.25,0.0988372093,0.25,0.1416666667,0
Node,2026,3,860,215,0.3953488372,0.25,0.0988372093,0.25,0.1416666667,0
Node,2026,4,855,220,0.4772727273,0.25,0.1193181818,0.25,0.1615384615,0
Node,2026,5,865,210,0.5476190476,0.25,0.1369047619,0.25,0.1769230769,0
Utilised Bandwith Rate,2026,1,860,215,0.6279069767,0.597979798,0.5858134921,0.597979798,0.5795289855,0.4607452121
Utilised Bandwith Rate,2026,2,860,215,0.5581395349,0.5583387201,0.5596804511,0.5583387201,0.5547138047,0.3638300449
Utilised Bandwith Rate,2026,3,860,215,0.511627907,0.562710084,0.5977678571,0.562710084,0.5717446853,0.2986782313
Utilised Bandwith Rate,2026,4,855,220,0.6363636364,0.5626352814,0.5902777778,0.5626352814,0.5736111111,0.4444047719
Utilised Bandwith Rate,2026,5,865,210,0.6666666667,0.5389492754,0.524068323,0.5389492754,0.5291882031,0.4522860521
Packet Drop Rate,2026,1,860,215,0.6046511628,0.5866161616,0.6076388889,0.5866161616,0.5714285714,0.4267167437
Packet Drop Rate,2026,2,860,215,0.5813953488,0.5730446025,0.5711538462,0.5730446025,0.5672840673,0.3963993606
Packet Drop Rate,2026,3,860,215,0.5348837209,0.5603291317,0.6083333333,0.5603291317,0.5776929724,0.3288870214
Packet Drop Rate,2026,4,855,220,0.6136363636,0.5688582251,0.5473901099,0.5688582251,0.5384268214,0.422088648
Packet Drop Rate,2026,5,865,210,0.619047619,0.5072463768,0.4881987578,0.5072463768,0.4955913652,0.3736276083
Full_Bandwidth,2026,1,860,215,0.4186046512,0.2702020202,0.2115384615,0.2702020202,0.2367424242,0.05213191737
Full_Bandwidth,2026,2,860,215,0.4186046512,0.2737556561,0.2275641026,0.2737556561,0.2016806723,0.09242790859
Full_Bandwidth,2026,3,860,215,0.4418604651,0.2931372549,0.2183257919,0.2931372549,0.2489098837,0.1132539226
Full_Bandwidth,2026,4,855,220,0.4772727273,0.2932900433,0.2196969697,0.2932900433,0.2483164983,0.1134899061
Full_Bandwidth,2026,5,865,210,0.5,0.2382246377,0.1940789474,0.2382246377,0.1951844262,-0.07066476094
Average_Delay_Time_Per_Sec,2026,1,860,215,0.488372093,0.3688672439,0.3454545455,0.3688672439,0.3564194577,0.2148270146
Average_Delay_Time_Per_Sec,2026,2,860,215,0.4418604651,0.3994020685,0.387202381,0.3994020685,0.3842907664,0.2005686008
Average_Delay_Time_Per_Sec,2026,3,860,215,0.3720930233,0.3139005602,0.3694444444,0.3139005602,0.3287975475,0.07792735908
Average_Delay_Time_Per_Sec,2026,4,855,220,0.3863636364,0.30370671,0.3442982456,0.30370671,0.3126984127,0.1234569371
Average_Delay_Time_Per_Sec,2026,5,865,210,0.3333333333,0.2445652174,0.2947368421,0.2445652174,0.2673160173,-0.01595213192
Percentage_Of_Lost_Pcaket_Rate,2026,1,860,215,0.6279069767,0.5815656566,0.5729166667,0.5815656566,0.5696428571,0.4439164589
Percentage_Of_Lost_Pcaket_Rate,2026,2,860,215,0.5813953488,0.5775694893,0.5791666667,0.5775694893,0.574025974,0.3994765541
Percentage_Of_Lost_Pcaket_Rate,2026,3,860,215,0.5348837209,0.5583683473,0.6053921569,0.5583683473,0.575784193,0.3262582649
Percentage_Of_Lost_Pcaket_Rate,2026,4,855,220,0.7045454545,0.6489448052,0.6909340659,0.6489448052,0.6609338061,0.5493721897
Percentage_Of_Lost_Pcaket_Rate,2026,5,865,210,0.6428571429,0.5280797101,0.5002705628,0.5280797101,0.5127136752,0.4121956188
Percentage_Of_Lost_Byte_Rate,2026,1,860,215,0.6046511628,0.5866161616,0.6076388889,0.5866161616,0.5714285714,0.4267167437
Percentage_Of_Lost_Byte_Rate,2026,2,860,215,0.5813953488,0.5730446025,0.5711538462,0.5730446025,0.5672840673,0.3963993606
Percentage_Of_Lost_Byte_Rate,2026,3,860,215,0.5348837209,0.5603291317,0.6083333333,0.5603291317,0.5776929724,0.3288870214
Percentage_Of_Lost_Byte_Rate,2026,4,855,220,0.6136363636,0.5688582251,0.5473901099,0.5688582251,0.5384268214,0.422088648
Percentage_Of_Lost_Byte_Rate,2026,5,865,210,0.619047619,0.5072463768,0.4881987578,0.5072463768,0.4955913652,0.3736276083
Packet Received  Rate,2026,1,860,215,0.6046511628,0.5866161616,0.6076388889,0.5866161616,0.5714285714,0.4267167437
Packet Received  Rate,2026,2,860,215,0.5813953488,0.5730446025,0.5711538462,0.5730446025,0.5672840673,0.3963993606
Packet Received  Rate,2026,3,860,215,0.5348837209,0.5603291317,0.6083333333,0.5603291317,0.5776929724,0.3288870214
Packet Received  Rate,2026,4,855,220,0.6136363636,0.5688582251,0.5473901099,0.5688582251,0.5384268214,0.422088648
Packet Received  Rate,2026,5,865,210,0.619047619,0.5072463768,0.4881987578,0.5072463768,0.4955913652,0.3736276083
of Used_Bandwidth,2026,1,860,215,0.5348837209,0.4244227994,0.4611111111,0.4244227994,0.4373522459,0.2623971696
of Used_Bandwidth,2026,2,860,215,0.6279069767,0.6279896574,0.6130952381,0.6279896574,0.5983253589,0.4773437389
of Used_Bandwidth,2026,3,860,215,0.4651162791,0.418662465,0.4596153846,0.418662465,0.425140056,0.2228446925
of Used_Bandwidth,2026,4,855,220,0.4318181818,0.3576839827,0.3339646465,0.3576839827,0.3421639383,0.1717565248
of Used_Bandwidth,2026,5,865,210,0.4523809524,0.3487318841,0.4364035088,0.3487318841,0.3851190476,0.1658022712
Lost_Bandwidth,2026,1,860,215,0.5581395349,0.4887085137,0.5113636364,0.4887085137,0.4954545455,0.3236344559
Lost_Bandwidth,2026,2,860,215,0.3720930233,0.3297511312,0.306547619,0.3297511312,0.3165789474,0.08822670916
Lost_Bandwidth,2026,3,860,215,0.2558139535,0.1886554622,0.1960227273,0.1886554622,0.1827387588,-0.08673619053
Lost_Bandwidth,2026,4,855,220,0.3181818182,0.305465368,0.3210678211,0.305465368,0.3063349441,-0.01627914803
Lost_Bandwidth,2026,5,865,210,0.4285714286,0.597826087,0.4027777778,0.597826087,0.4514227642,0.1250619377
Packet Size_Byte,2026,1,860,215,0.511627907,0.25,0.1279069767,0.25,0.1692307692,0
Packet Size_Byte,2026,2,860,215,0.3953488372,0.25,0.0988372093,0.25,0.1416666667,0
Packet Size_Byte,2026,3,860,215,0.3953488372,0.25,0.0988372093,0.25,0.1416666667,0
Packet Size_Byte,2026,4,855,220,0.4772727273,0.25,0.1193181818,0.25,0.1615384615,0
Packet Size_Byte,2026,5,865,210,0.5476190476,0.25,0.1369047619,0.25,0.1769230769,0
Packet_Transmitted,2026,1,860,215,0.4186046512,0.2702020202,0.2115384615,0.2702020202,0.2367424242,0.05213191737
Packet_Transmitted,2026,2,860,215,0.4186046512,0.2737556561,0.2275641026,0.2737556561,0.2016806723,0.09242790859
Packet_Transmitted,2026,3,860,215,0.4418604651,0.2931372549,0.2183257919,0.2931372549,0.2489098837,0.1132539226
Packet_Transmitted,2026,4,855,220,0.4772727273,0.2932900433,0.2196969697,0.2932900433,0.2483164983,0.1134899061
Packet_Transmitted,2026,5,865,210,0.5,0.2382246377,0.1940789474,0.2382246377,0.1951844262,-0.07066476094
Packet_Received,2026,1,860,215,0.5348837209,0.4244227994,0.4611111111,0.4244227994,0.4373522459,0.2623971696
Packet_Received,2026,2,860,215,0.6279069767,0.6279896574,0.6380952381,0.6279896574,0.6014874142,0.474932172
Packet_Received,2026,3,860,215,0.4651162791,0.418662465,0.4309210526,0.418662465,0.4198082011,0.2234593235
Packet_Received,2026,4,855,220,0.4545454545,0.3695887446,0.3492822967,0.3695887446,0.3563995215,0.1986379467
Packet_Received,2026,5,865,210,0.5,0.4012681159,0.4541666667,0.4012681159,0.4255197322,0.218823035
Packet_lost,2026,1,860,215,0.5813953488,0.5572510823,0.5272875817,0.5572510823,0.5345238095,0.4011095896
Packet_lost,2026,2,860,215,0.3953488372,0.3535067873,0.3282967033,0.3535067873,0.3395748988,0.1185189959
Packet_lost,2026,3,860,215,0.2325581395,0.1568627451,0.1776960784,0.1568627451,0.1661220044,-0.1001584569
Packet_lost,2026,4,855,220,0.4545454545,0.349025974,0.3819444444,0.349025974,0.3520833333,0.1395186576
Packet_lost,2026,5,865,210,0.4285714286,0.5670289855,0.3906485671,0.5670289855,0.4014285714,0.1464328739
Transmitted_Byte,2026,1,860,215,0.4186046512,0.2702020202,0.2115384615,0.2702020202,0.2367424242,0.05213191737
Transmitted_Byte,2026,2,860,215,0.4186046512,0.2737556561,0.2275641026,0.2737556561,0.2016806723,0.09242790859
Transmitted_Byte,2026,3,860,215,0.4418604651,0.2931372549,0.2183257919,0.2931372549,0.2489098837,0.1132539226
Transmitted_Byte,2026,4,855,220,0.4772727273,0.2932900433,0.2196969697,0.2932900433,0.2483164983,0.1134899061
Transmitted_Byte,2026,5,865,210,0.5,0.2382246377,0.1940789474,0.2382246377,0.1951844262,-0.07066476094
Received_Byte,2026,1,860,215,0.5348837209,0.4244227994,0.4611111111,0.4244227994,0.4373522459,0.2623971696
Received_Byte,2026,2,860,215,0.6046511628,0.613283775,0.6196969697,0.613283775,0.5871621622,0.4404089298
Received_Byte,2026,3,860,215,0.4651162791,0.418662465,0.464254386,0.418662465,0.4261982571,0.2223266378
Received_Byte,2026,4,855,220,0.4318181818,0.3576839827,0.3358585859,0.3576839827,0.3418414918,0.1740364787
Received_Byte,2026,5,865,210,0.5,0.4012681159,0.4541666667,0.4012681159,0.4255197322,0.218823035
10-Run-AVG-Drop-Rate,2026,1,860,215,0.8139534884,0.8598484848,0.8022556391,0.8598484848,0.8235451433,0.7307742523
10-Run-AVG-Drop-Rate,2026,2,860,215,0.5581395349,0.5748222366,0.6022727273,0.5748222366,0.5780885781,0.3614654777
10-Run-AVG-Drop-Rate,2026,3,860,215,0.511627907,0.6105042017,0.597718254,0.6105042017,0.6008064516,0.3027443625
10-Run-AVG-Drop-Rate,2026,4,855,220,0.7045454545,0.6791125541,0.6957070707,0.6791125541,0.6832453912,0.5540340315
10-Run-AVG-Drop-Rate,2026,5,865,210,0.619047619,0.527173913,0.5342105263,0.527173913,0.5277777778,0.399015715
10-Run-AVG-Bandwith-Use,2026,1,860,215,0.6744186047,0.6815656566,0.6784090909,0.6815656566,0.6785714286,0.5146924581
10-Run-AVG-Bandwith-Use,2026,2,860,215,0.6976744186,0.6737772032,0.7732142857,0.6737772032,0.705978706,0.5643330045
10-Run-AVG-Bandwith-Use,2026,3,860,215,0.5813953488,0.5800420168,0.6613636364,0.5800420168,0.5912722677,0.3946140404
10-Run-AVG-Bandwith-Use,2026,4,855,220,0.6363636364,0.5928030303,0.6183760684,0.5928030303,0.593525825,0.4573030985
10-Run-AVG-Bandwith-Use,2026,5,865,210,0.5714285714,0.4755434783,0.4597402597,0.4755434783,0.4656177156,0.3098939994
10-Run-Delay,2026,1,860,215,0.4186046512,0.3189033189,0.3446969697,0.3189033189,0.3225108225,0.1079582961
10-Run-Delay,2026,2,860,215,0.2558139535,0.2247360483,0.2083333333,0.2247360483,0.2154385965,-0.08266286263
10-Run-Delay,2026,3,860,215,0.3023255814,0.2658613445,0.3269230769,0.2658613445,0.2641343669,-0.05818656141
10-Run-Delay,2026,4,855,220,0.2727272727,0.1861471861,0.225,0.1861471861,0.2033462033,-0.01040152171
10-Run-Delay,2026,5,865,210,0.3333333333,0.1820652174,0.173136646,0.1820652174,0.1772575251,-0.1240497018
Node Status,2026,1,860,215,0.5813953488,0.4772727273,0.2859477124,0.4772727273,0.3571428571,0.3277032225
Node Status,2026,2,860,215,0.511627907,0.4705882353,0.2505952381,0.4705882353,0.3257575758,0.348483029
Node Status,2026,3,860,215,0.4418604651,0.4264705882,0.2179347826,0.4264705882,0.2796296296,0.2645880703
Node Status,2026,4,855,220,0.5227272727,0.4761904762,0.2397058824,0.4761904762,0.3155844156,0.2750414263
Node Status,2026,5,865,210,0.5476190476,0.4891304348,0.2243589744,0.4891304348,0.3024193548,0.1328971604
Flood Status,2026,1,860,215,0.7441860465,0.8257575758,0.7842261905,0.8257575758,0.7919180362,0.6500163775
Flood Status,2026,2,860,215,0.6744186047,0.7624434389,0.7363445378,0.7624434389,0.7478280543,0.5419263986
Flood Status,2026,3,860,215,0.6744186047,0.7784313725,0.7793522267,0.7784313725,0.7777777778,0.5261595418
Flood Status,2026,4,855,220,0.7954545455,0.8279220779,0.84375,0.8279220779,0.8315789474,0.6919676631
Flood Status,2026,5,865,210,0.6904761905,0.7889492754,0.790719697,0.7889492754,0.789546716,0.4769990026
